hardware,embedding_index,algorithm_index,probability,method
algiers,0,0,0.995090,bellman
algiers,1,0,0.944180,bellman
almaden,0,0,0.984570,bellman
almaden,1,0,0.771980,bellman
athens,0,0,0.989720,bellman
athens,1,0,0.975550,bellman
auckland,0,0,0.994370,bellman
auckland,1,0,0.980590,bellman
belem,0,0,0.979240,bellman
belem,1,0,0.958490,bellman
boeblingen,0,0,0.986560,bellman
boeblingen,1,0,0.806800,bellman
bogota,0,0,0.972810,bellman
bogota,1,0,0.942950,bellman
brisbane,0,0,0.994270,bellman
brisbane,1,0,0.723790,bellman
brooklyn,0,0,0.987360,bellman
brooklyn,1,0,0.911100,bellman
burlington,0,0,0.975200,bellman
burlington,1,0,0.950970,bellman
cairo,0,0,0.994770,bellman
cairo,1,0,0.848320,bellman
cambridge,0,0,0.982560,bellman
cambridge,1,0,0.609710,bellman
casablanca,0,0,0.985160,bellman
casablanca,1,0,0.967180,bellman
cusco,0,0,0.992580,bellman
cusco,1,0,0.498050,bellman
essex,0,0,0.968560,bellman
essex,1,0,0.943380,bellman
fez,0,0,0.998430,bellman
fez,1,0,0.893930,bellman
geneva,0,0,0.985860,bellman
geneva,1,0,0.858470,bellman
guadalupe,0,0,0.989280,bellman
guadalupe,1,0,0.939320,bellman
hanoi,0,0,0.994410,bellman
hanoi,1,0,0.915620,bellman
jakarta,0,0,0.983860,bellman
jakarta,1,0,0.944380,bellman
johannesburg,0,0,0.981570,bellman
johannesburg,1,0,0.826740,bellman
kawasaki,0,0,0.996420,bellman
kawasaki,1,0,0.672570,bellman
kolkata,0,0,0.995030,bellman
kolkata,1,0,0.952840,bellman
kyiv,0,0,0.998170,bellman
kyiv,1,0,0.503170,bellman
kyoto,0,0,0.995630,bellman
kyoto,1,0,0.579450,bellman
lagos,0,0,0.983160,bellman
lagos,1,0,0.536190,bellman
lima,0,0,0.983310,bellman
lima,1,0,0.942200,bellman
london,0,0,0.982920,bellman
london,1,0,0.834740,bellman
makarresh,0,0,0.997020,bellman
makarresh,1,0,0.525800,bellman
melbourne,0,0,0.973300,bellman
melbourne,1,0,0.812880,bellman
manhattan,0,0,0.993540,bellman
manhattan,1,0,0.596220,bellman
manila,0,0,0.985500,bellman
manila,1,0,0.903300,bellman
montreal,0,0,0.992820,bellman
montreal,1,0,0.903210,bellman
mumbai,0,0,0.986890,bellman
mumbai,1,0,0.898730,bellman
nairobi,0,0,0.981440,bellman
nairobi,1,0,0.941820,bellman
osaka,0,0,0.996330,bellman
osaka,1,0,0.558470,bellman
oslo,0,0,0.992170,bellman
oslo,1,0,0.970480,bellman
ourense,0,0,0.984650,bellman
ourense,1,0,0.945230,bellman
paris,0,0,0.992940,bellman
paris,1,0,0.788780,bellman
perth,0,0,0.980310,bellman
perth,1,0,0.956660,bellman
poughkeepsie,0,0,0.978310,bellman
poughkeepsie,1,0,0.822210,bellman
prague,0,0,0.992660,bellman
prague,1,0,0.896790,bellman
quito,0,0,0.976890,bellman
quito,1,0,0.888280,bellman
rochester,0,0,0.989210,bellman
rochester,1,0,0.596880,bellman
rome,0,0,0.978450,bellman
rome,1,0,0.969690,bellman
santiago,0,0,0.990310,bellman
santiago,1,0,0.981880,bellman
singapore,0,0,0.982680,bellman
singapore,1,0,0.911640,bellman
sydney,0,0,0.990600,bellman
sydney,1,0,0.881460,bellman
torino,0,0,0.994640,bellman
torino,1,0,0.435950,bellman
toronto,0,0,0.992070,bellman
toronto,1,0,0.725250,bellman
valencia,0,0,0.976450,bellman
valencia,1,0,0.945530,bellman
vigo,0,0,0.985210,bellman
vigo,1,0,0.924720,bellman
washington,0,0,0.997070,bellman
washington,1,0,0.677120,bellman
yorktown,0,0,0.972110,bellman
yorktown,1,0,0.707030,bellman
perfect_hardware,0,0,1.000000,bellman
algiers,0,1,0.995090,bellman
algiers,1,1,0.944180,bellman
almaden,0,1,0.984570,bellman
almaden,1,1,0.771980,bellman
athens,0,1,0.989720,bellman
athens,1,1,0.975550,bellman
auckland,0,1,0.994370,bellman
auckland,1,1,0.980590,bellman
belem,0,1,0.979240,bellman
belem,1,1,0.958490,bellman
boeblingen,0,1,0.986560,bellman
boeblingen,1,1,0.806800,bellman
bogota,0,1,0.972810,bellman
bogota,1,1,0.942950,bellman
brisbane,0,1,0.994270,bellman
brisbane,1,1,0.723790,bellman
brooklyn,0,1,0.987360,bellman
brooklyn,1,1,0.911100,bellman
burlington,0,1,0.975200,bellman
burlington,1,1,0.950970,bellman
cairo,0,1,0.994770,bellman
cairo,1,1,0.848320,bellman
cambridge,0,1,0.982560,bellman
cambridge,1,1,0.609710,bellman
casablanca,0,1,0.985160,bellman
casablanca,1,1,0.967180,bellman
cusco,0,1,0.992580,bellman
cusco,1,1,0.498050,bellman
essex,0,1,0.968560,bellman
essex,1,1,0.943380,bellman
fez,0,1,0.998430,bellman
fez,1,1,0.893930,bellman
geneva,0,1,0.985860,bellman
geneva,1,1,0.858470,bellman
guadalupe,0,1,0.989280,bellman
guadalupe,1,1,0.939320,bellman
hanoi,0,1,0.994410,bellman
hanoi,1,1,0.915620,bellman
jakarta,0,1,0.983860,bellman
jakarta,1,1,0.944380,bellman
johannesburg,0,1,0.981570,bellman
johannesburg,1,1,0.826740,bellman
kawasaki,0,1,0.996420,bellman
kawasaki,1,1,0.672570,bellman
kolkata,0,1,0.995030,bellman
kolkata,1,1,0.952840,bellman
kyiv,0,1,0.998170,bellman
kyiv,1,1,0.503170,bellman
kyoto,0,1,0.995630,bellman
kyoto,1,1,0.579450,bellman
lagos,0,1,0.983160,bellman
lagos,1,1,0.536190,bellman
lima,0,1,0.983310,bellman
lima,1,1,0.942200,bellman
london,0,1,0.982920,bellman
london,1,1,0.834740,bellman
makarresh,0,1,0.997020,bellman
makarresh,1,1,0.525800,bellman
melbourne,0,1,0.973300,bellman
melbourne,1,1,0.812880,bellman
manhattan,0,1,0.993540,bellman
manhattan,1,1,0.596220,bellman
manila,0,1,0.985500,bellman
manila,1,1,0.903300,bellman
montreal,0,1,0.992820,bellman
montreal,1,1,0.903210,bellman
mumbai,0,1,0.986890,bellman
mumbai,1,1,0.898730,bellman
nairobi,0,1,0.981440,bellman
nairobi,1,1,0.941820,bellman
osaka,0,1,0.996330,bellman
osaka,1,1,0.558470,bellman
oslo,0,1,0.992170,bellman
oslo,1,1,0.970480,bellman
ourense,0,1,0.984650,bellman
ourense,1,1,0.945230,bellman
paris,0,1,0.992940,bellman
paris,1,1,0.788780,bellman
perth,0,1,0.980310,bellman
perth,1,1,0.956660,bellman
poughkeepsie,0,1,0.978310,bellman
poughkeepsie,1,1,0.822210,bellman
prague,0,1,0.992660,bellman
prague,1,1,0.896790,bellman
quito,0,1,0.976890,bellman
quito,1,1,0.888280,bellman
rochester,0,1,0.989210,bellman
rochester,1,1,0.596880,bellman
rome,0,1,0.978450,bellman
rome,1,1,0.969690,bellman
santiago,0,1,0.990310,bellman
santiago,1,1,0.981880,bellman
singapore,0,1,0.982680,bellman
singapore,1,1,0.911640,bellman
sydney,0,1,0.990600,bellman
sydney,1,1,0.881460,bellman
torino,0,1,0.994640,bellman
torino,1,1,0.435950,bellman
toronto,0,1,0.992070,bellman
toronto,1,1,0.725250,bellman
valencia,0,1,0.976450,bellman
valencia,1,1,0.945530,bellman
vigo,0,1,0.985210,bellman
vigo,1,1,0.924720,bellman
washington,0,1,0.997070,bellman
washington,1,1,0.677120,bellman
yorktown,0,1,0.972110,bellman
yorktown,1,1,0.707030,bellman
perfect_hardware,0,1,1.000000,bellman
algiers,0,2,0.999820,bellman
algiers,1,2,0.990670,bellman
almaden,0,2,0.998880,bellman
almaden,1,2,0.867330,bellman
athens,0,2,0.999510,bellman
athens,1,2,0.998100,bellman
auckland,0,2,0.999780,bellman
auckland,1,2,0.998690,bellman
belem,0,2,0.998580,bellman
belem,1,2,0.994890,bellman
boeblingen,0,2,0.999230,bellman
boeblingen,1,2,0.902250,bellman
bogota,0,2,0.997740,bellman
bogota,1,2,0.990250,bellman
brisbane,0,2,0.999790,bellman
brisbane,1,2,0.805310,bellman
brooklyn,0,2,0.999400,bellman
brooklyn,1,2,0.976270,bellman
burlington,0,2,0.997920,bellman
burlington,1,2,0.992590,bellman
cairo,0,2,0.999790,bellman
cairo,1,2,0.936750,bellman
cambridge,0,2,0.998690,bellman
cambridge,1,2,0.661900,bellman
casablanca,0,2,0.998940,bellman
casablanca,1,2,0.996650,bellman
cusco,0,2,0.999740,bellman
cusco,1,2,0.497070,bellman
essex,0,2,0.996450,bellman
essex,1,2,0.990100,bellman
fez,0,2,0.999890,bellman
fez,1,2,0.968560,bellman
geneva,0,2,0.999090,bellman
geneva,1,2,0.945510,bellman
guadalupe,0,2,0.999540,bellman
guadalupe,1,2,0.989270,bellman
hanoi,0,2,0.999820,bellman
hanoi,1,2,0.979790,bellman
jakarta,0,2,0.999100,bellman
jakarta,1,2,0.990970,bellman
johannesburg,0,2,0.998130,bellman
johannesburg,1,2,0.920110,bellman
kawasaki,0,2,0.999810,bellman
kawasaki,1,2,0.748570,bellman
kolkata,0,2,0.999860,bellman
kolkata,1,2,0.992830,bellman
kyiv,0,2,0.999870,bellman
kyiv,1,2,0.504760,bellman
kyoto,0,2,0.999880,bellman
kyoto,1,2,0.618160,bellman
lagos,0,2,0.999030,bellman
lagos,1,2,0.554190,bellman
lima,0,2,0.999090,bellman
lima,1,2,0.990130,bellman
london,0,2,0.998750,bellman
london,1,2,0.926980,bellman
makarresh,0,2,0.999690,bellman
makarresh,1,2,0.538660,bellman
melbourne,0,2,0.997720,bellman
melbourne,1,2,0.907860,bellman
manhattan,0,2,0.999720,bellman
manhattan,1,2,0.642550,bellman
manila,0,2,0.999280,bellman
manila,1,2,0.973560,bellman
montreal,0,2,0.999770,bellman
montreal,1,2,0.973650,bellman
mumbai,0,2,0.999390,bellman
mumbai,1,2,0.971260,bellman
nairobi,0,2,0.998740,bellman
nairobi,1,2,0.990100,bellman
osaka,0,2,0.999890,bellman
osaka,1,2,0.587270,bellman
oslo,0,2,0.999690,bellman
oslo,1,2,0.997330,bellman
ourense,0,2,0.999160,bellman
ourense,1,2,0.991190,bellman
paris,0,2,0.999700,bellman
paris,1,2,0.884970,bellman
perth,0,2,0.998680,bellman
perth,1,2,0.994320,bellman
poughkeepsie,0,2,0.997980,bellman
poughkeepsie,1,2,0.914410,bellman
prague,0,2,0.999800,bellman
prague,1,2,0.970040,bellman
quito,0,2,0.997410,bellman
quito,1,2,0.964970,bellman
rochester,0,2,0.998890,bellman
rochester,1,2,0.643470,bellman
rome,0,2,0.998490,bellman
rome,1,2,0.997200,bellman
santiago,0,2,0.999640,bellman
santiago,1,2,0.998910,bellman
singapore,0,2,0.998810,bellman
singapore,1,2,0.977710,bellman
sydney,0,2,0.999650,bellman
sydney,1,2,0.961090,bellman
torino,0,2,0.999690,bellman
torino,1,2,0.404470,bellman
toronto,0,2,0.999690,bellman
toronto,1,2,0.814960,bellman
valencia,0,2,0.998230,bellman
valencia,1,2,0.991210,bellman
vigo,0,2,0.999170,bellman
vigo,1,2,0.983730,bellman
washington,0,2,0.999850,bellman
washington,1,2,0.754560,bellman
yorktown,0,2,0.997540,bellman
yorktown,1,2,0.792680,bellman
perfect_hardware,0,2,1.000000,bellman
algiers,0,3,0.999930,bellman
algiers,1,3,0.991050,bellman
almaden,0,3,0.999310,bellman
almaden,1,3,0.868210,bellman
athens,0,3,0.999690,bellman
athens,1,3,0.998240,bellman
auckland,0,3,0.999910,bellman
auckland,1,3,0.998890,bellman
belem,0,3,0.998730,bellman
belem,1,3,0.994980,bellman
boeblingen,0,3,0.999470,bellman
boeblingen,1,3,0.902600,bellman
bogota,0,3,0.997830,bellman
bogota,1,3,0.990650,bellman
brisbane,0,3,0.999900,bellman
brisbane,1,3,0.825360,bellman
brooklyn,0,3,0.999530,bellman
brooklyn,1,3,0.978030,bellman
burlington,0,3,0.998200,bellman
burlington,1,3,0.993070,bellman
cairo,0,3,0.999920,bellman
cairo,1,3,0.938590,bellman
cambridge,0,3,0.999110,bellman
cambridge,1,3,0.662060,bellman
casablanca,0,3,0.999360,bellman
casablanca,1,3,0.996850,bellman
cusco,0,3,0.999840,bellman
cusco,1,3,0.497070,bellman
essex,0,3,0.997140,bellman
essex,1,3,0.990830,bellman
fez,0,3,0.999990,bellman
fez,1,3,0.968650,bellman
geneva,0,3,0.999420,bellman
geneva,1,3,0.945610,bellman
guadalupe,0,3,0.999660,bellman
guadalupe,1,3,0.989420,bellman
hanoi,0,3,0.999910,bellman
hanoi,1,3,0.979850,bellman
jakarta,0,3,0.999230,bellman
jakarta,1,3,0.991080,bellman
johannesburg,0,3,0.999030,bellman
johannesburg,1,3,0.920510,bellman
kawasaki,0,3,0.999960,bellman
kawasaki,1,3,0.748590,bellman
kolkata,0,3,0.999930,bellman
kolkata,1,3,0.993610,bellman
kyiv,0,3,0.999990,bellman
kyiv,1,3,0.504760,bellman
kyoto,0,3,0.999940,bellman
kyoto,1,3,0.618190,bellman
lagos,0,3,0.999160,bellman
lagos,1,3,0.554190,bellman
lima,0,3,0.999180,bellman
lima,1,3,0.990400,bellman
london,0,3,0.999150,bellman
london,1,3,0.927170,bellman
makarresh,0,3,0.999980,bellman
makarresh,1,3,0.538820,bellman
melbourne,0,3,0.997910,bellman
melbourne,1,3,0.908220,bellman
manhattan,0,3,0.999880,bellman
manhattan,1,3,0.642590,bellman
manila,0,3,0.999380,bellman
manila,1,3,0.973810,bellman
montreal,0,3,0.999850,bellman
montreal,1,3,0.973720,bellman
mumbai,0,3,0.999490,bellman
mumbai,1,3,0.971320,bellman
nairobi,0,3,0.998990,bellman
nairobi,1,3,0.990260,bellman
osaka,0,3,0.999960,bellman
osaka,1,3,0.588640,bellman
oslo,0,3,0.999820,bellman
oslo,1,3,0.997440,bellman
ourense,0,3,0.999310,bellman
ourense,1,3,0.991350,bellman
paris,0,3,0.999850,bellman
paris,1,3,0.885050,bellman
perth,0,3,0.998860,bellman
perth,1,3,0.994550,bellman
poughkeepsie,0,3,0.998640,bellman
poughkeepsie,1,3,0.917780,bellman
prague,0,3,0.999840,bellman
prague,1,3,0.970300,bellman
quito,0,3,0.998470,bellman
quito,1,3,0.965470,bellman
rochester,0,3,0.999670,bellman
rochester,1,3,0.643790,bellman
rome,0,3,0.998630,bellman
rome,1,3,0.997310,bellman
santiago,0,3,0.999720,bellman
santiago,1,3,0.999030,bellman
singapore,0,3,0.999120,bellman
singapore,1,3,0.978010,bellman
sydney,0,3,0.999740,bellman
sydney,1,3,0.961200,bellman
torino,0,3,0.999920,bellman
torino,1,3,0.403900,bellman
toronto,0,3,0.999810,bellman
toronto,1,3,0.815120,bellman
valencia,0,3,0.998370,bellman
valencia,1,3,0.991450,bellman
vigo,0,3,0.999360,bellman
vigo,1,3,0.983880,bellman
washington,0,3,0.999980,bellman
washington,1,3,0.754600,bellman
yorktown,0,3,0.997720,bellman
yorktown,1,3,0.793070,bellman
perfect_hardware,0,3,1.000000,bellman
algiers,0,4,0.999990,bellman
algiers,1,4,0.997130,bellman
almaden,0,4,0.999830,bellman
almaden,1,4,0.909990,bellman
athens,0,4,0.999930,bellman
athens,1,4,0.999580,bellman
auckland,0,4,0.999980,bellman
auckland,1,4,0.999740,bellman
belem,0,4,0.999710,bellman
belem,1,4,0.998590,bellman
boeblingen,0,4,0.999880,bellman
boeblingen,1,4,0.939720,bellman
bogota,0,4,0.999470,bellman
bogota,1,4,0.996970,bellman
brisbane,0,4,0.999980,bellman
brisbane,1,4,0.862480,bellman
brooklyn,0,4,0.999900,bellman
brooklyn,1,4,0.990940,bellman
burlington,0,4,0.999560,bellman
burlington,1,4,0.997870,bellman
cairo,0,4,0.999980,bellman
cairo,1,4,0.966650,bellman
cambridge,0,4,0.999790,bellman
cambridge,1,4,0.693100,bellman
casablanca,0,4,0.999850,bellman
casablanca,1,4,0.999180,bellman
cusco,0,4,0.999970,bellman
cusco,1,4,0.496460,bellman
essex,0,4,0.999220,bellman
essex,1,4,0.996990,bellman
fez,0,4,1.000000,bellman
fez,1,4,0.986330,bellman
geneva,0,4,0.999870,bellman
geneva,1,4,0.972030,bellman
guadalupe,0,4,0.999930,bellman
guadalupe,1,4,0.996520,bellman
hanoi,0,4,0.999980,bellman
hanoi,1,4,0.992240,bellman
jakarta,0,4,0.999830,bellman
jakarta,1,4,0.997180,bellman
johannesburg,0,4,0.999740,bellman
johannesburg,1,4,0.953860,bellman
kawasaki,0,4,0.999990,bellman
kawasaki,1,4,0.790430,bellman
kolkata,0,4,0.999990,bellman
kolkata,1,4,0.998030,bellman
kyiv,0,4,1.000000,bellman
kyiv,1,4,0.505750,bellman
kyoto,0,4,0.999990,bellman
kyoto,1,4,0.641780,bellman
lagos,0,4,0.999810,bellman
lagos,1,4,0.565390,bellman
lima,0,4,0.999820,bellman
lima,1,4,0.996890,bellman
london,0,4,0.999800,bellman
london,1,4,0.958940,bellman
makarresh,0,4,0.999990,bellman
makarresh,1,4,0.546840,bellman
melbourne,0,4,0.999480,bellman
melbourne,1,4,0.944260,bellman
manhattan,0,4,0.999970,bellman
manhattan,1,4,0.670470,bellman
manila,0,4,0.999870,bellman
manila,1,4,0.989110,bellman
montreal,0,4,0.999970,bellman
montreal,1,4,0.989110,bellman
mumbai,0,4,0.999890,bellman
mumbai,1,4,0.987820,bellman
nairobi,0,4,0.999770,bellman
nairobi,1,4,0.996850,bellman
osaka,0,4,0.999990,bellman
osaka,1,4,0.606360,bellman
oslo,0,4,0.999960,bellman
oslo,1,4,0.999360,bellman
ourense,0,4,0.999850,bellman
ourense,1,4,0.997280,bellman
paris,0,4,0.999970,bellman
paris,1,4,0.925090,bellman
perth,0,4,0.999740,bellman
perth,1,4,0.998430,bellman
poughkeepsie,0,4,0.999650,bellman
poughkeepsie,1,4,0.950760,bellman
prague,0,4,0.999970,bellman
prague,1,4,0.987200,bellman
quito,0,4,0.999580,bellman
quito,1,4,0.984400,bellman
rochester,0,4,0.999910,bellman
rochester,1,4,0.671810,bellman
rome,0,4,0.999680,bellman
rome,1,4,0.999320,bellman
santiago,0,4,0.999940,bellman
santiago,1,4,0.999780,bellman
singapore,0,4,0.999800,bellman
singapore,1,4,0.991270,bellman
sydney,0,4,0.999950,bellman
sydney,1,4,0.981990,bellman
torino,0,4,0.999980,bellman
torino,1,4,0.384560,bellman
toronto,0,4,0.999960,bellman
toronto,1,4,0.859780,bellman
valencia,0,4,0.999610,bellman
valencia,1,4,0.997300,bellman
vigo,0,4,0.999860,bellman
vigo,1,4,0.994120,bellman
washington,0,4,0.999990,bellman
washington,1,4,0.796920,bellman
yorktown,0,4,0.999430,bellman
yorktown,1,4,0.837370,bellman
perfect_hardware,0,4,1.000000,bellman
algiers,0,5,1.000000,bellman
algiers,1,5,0.998400,bellman
almaden,0,5,0.999960,bellman
almaden,1,5,0.918720,bellman
athens,0,5,0.999990,bellman
athens,1,5,0.999860,bellman
auckland,0,5,1.000000,bellman
auckland,1,5,0.999930,bellman
belem,0,5,0.999910,bellman
belem,1,5,0.999330,bellman
boeblingen,0,5,0.999970,bellman
boeblingen,1,5,0.947280,bellman
bogota,0,5,0.999810,bellman
bogota,1,5,0.998290,bellman
brisbane,0,5,1.000000,bellman
brisbane,1,5,0.878770,bellman
brooklyn,0,5,0.999980,bellman
brooklyn,1,5,0.993920,bellman
burlington,0,5,0.999850,bellman
burlington,1,5,0.998900,bellman
cairo,0,5,1.000000,bellman
cairo,1,5,0.972880,bellman
cambridge,0,5,0.999940,bellman
cambridge,1,5,0.699390,bellman
casablanca,0,5,0.999960,bellman
casablanca,1,5,0.999660,bellman
cusco,0,5,1.000000,bellman
cusco,1,5,0.496340,bellman
essex,0,5,0.999690,bellman
essex,1,5,0.998330,bellman
fez,0,5,1.000000,bellman
fez,1,5,0.989890,bellman
geneva,0,5,0.999970,bellman
geneva,1,5,0.977340,bellman
guadalupe,0,5,0.999990,bellman
guadalupe,1,5,0.997960,bellman
hanoi,0,5,1.000000,bellman
hanoi,1,5,0.994730,bellman
jakarta,0,5,0.999960,bellman
jakarta,1,5,0.998420,bellman
johannesburg,0,5,0.999930,bellman
johannesburg,1,5,0.960670,bellman
kawasaki,0,5,1.000000,bellman
kawasaki,1,5,0.798810,bellman
kolkata,0,5,1.000000,bellman
kolkata,1,5,0.999010,bellman
kyiv,0,5,1.000000,bellman
kyiv,1,5,0.505950,bellman
kyoto,0,5,1.000000,bellman
kyoto,1,5,0.646510,bellman
lagos,0,5,0.999950,bellman
lagos,1,5,0.567630,bellman
lima,0,5,0.999950,bellman
lima,1,5,0.998230,bellman
london,0,5,0.999950,bellman
london,1,5,0.965360,bellman
makarresh,0,5,1.000000,bellman
makarresh,1,5,0.548520,bellman
melbourne,0,5,0.999810,bellman
melbourne,1,5,0.951610,bellman
manhattan,0,5,1.000000,bellman
manhattan,1,5,0.676060,bellman
manila,0,5,0.999970,bellman
manila,1,5,0.992230,bellman
montreal,0,5,1.000000,bellman
montreal,1,5,0.992200,bellman
mumbai,0,5,0.999980,bellman
mumbai,1,5,0.991130,bellman
nairobi,0,5,0.999930,bellman
nairobi,1,5,0.998200,bellman
osaka,0,5,1.000000,bellman
osaka,1,5,0.610590,bellman
oslo,0,5,0.999990,bellman
oslo,1,5,0.999750,bellman
ourense,0,5,0.999960,bellman
ourense,1,5,0.998490,bellman
paris,0,5,1.000000,bellman
paris,1,5,0.933130,bellman
perth,0,5,0.999920,bellman
perth,1,5,0.999230,bellman
poughkeepsie,0,5,0.999890,bellman
poughkeepsie,1,5,0.958600,bellman
prague,0,5,1.000000,bellman
prague,1,5,0.990650,bellman
quito,0,5,0.999860,bellman
quito,1,5,0.988320,bellman
rochester,0,5,0.999980,bellman
rochester,1,5,0.677570,bellman
rome,0,5,0.999900,bellman
rome,1,5,0.999730,bellman
santiago,0,5,0.999990,bellman
santiago,1,5,0.999940,bellman
singapore,0,5,0.999950,bellman
singapore,1,5,0.993990,bellman
sydney,0,5,0.999990,bellman
sydney,1,5,0.986170,bellman
torino,0,5,1.000000,bellman
torino,1,5,0.380410,bellman
toronto,0,5,0.999990,bellman
toronto,1,5,0.868790,bellman
valencia,0,5,0.999870,bellman
valencia,1,5,0.998510,bellman
vigo,0,5,0.999970,bellman
vigo,1,5,0.996200,bellman
washington,0,5,1.000000,bellman
washington,1,5,0.805410,bellman
yorktown,0,5,0.999790,bellman
yorktown,1,5,0.846410,bellman
perfect_hardware,0,5,1.000000,bellman
algiers,0,6,0.999890,bellman
algiers,1,6,0.997970,bellman
almaden,0,6,0.999520,bellman
almaden,1,6,0.917470,bellman
athens,0,6,0.999800,bellman
athens,1,6,0.999710,bellman
auckland,0,6,0.999870,bellman
auckland,1,6,0.999720,bellman
belem,0,6,0.999750,bellman
belem,1,6,0.999220,bellman
boeblingen,0,6,0.999730,bellman
boeblingen,1,6,0.946800,bellman
bogota,0,6,0.999710,bellman
bogota,1,6,0.997830,bellman
brisbane,0,6,0.999880,bellman
brisbane,1,6,0.849860,bellman
brooklyn,0,6,0.999840,bellman
brooklyn,1,6,0.991770,bellman
burlington,0,6,0.999550,bellman
burlington,1,6,0.998350,bellman
cairo,0,6,0.999870,bellman
cairo,1,6,0.970430,bellman
cambridge,0,6,0.999500,bellman
cambridge,1,6,0.699160,bellman
casablanca,0,6,0.999520,bellman
casablanca,1,6,0.999440,bellman
cusco,0,6,0.999900,bellman
cusco,1,6,0.496340,bellman
essex,0,6,0.998940,bellman
essex,1,6,0.997480,bellman
fez,0,6,0.999890,bellman
fez,1,6,0.989770,bellman
geneva,0,6,0.999630,bellman
geneva,1,6,0.977210,bellman
guadalupe,0,6,0.999860,bellman
guadalupe,1,6,0.997780,bellman
hanoi,0,6,0.999910,bellman
hanoi,1,6,0.994650,bellman
jakarta,0,6,0.999820,bellman
jakarta,1,6,0.998290,bellman
johannesburg,0,6,0.998980,bellman
johannesburg,1,6,0.960130,bellman
kawasaki,0,6,0.999840,bellman
kawasaki,1,6,0.798770,bellman
kolkata,0,6,0.999930,bellman
kolkata,1,6,0.998130,bellman
kyiv,0,6,0.999880,bellman
kyiv,1,6,0.505950,bellman
kyoto,0,6,0.999930,bellman
kyoto,1,6,0.646470,bellman
lagos,0,6,0.999810,bellman
lagos,1,6,0.567620,bellman
lima,0,6,0.999870,bellman
lima,1,6,0.997920,bellman
london,0,6,0.999530,bellman
london,1,6,0.965100,bellman
makarresh,0,6,0.999710,bellman
makarresh,1,6,0.548280,bellman
melbourne,0,6,0.999610,bellman
melbourne,1,6,0.951110,bellman
manhattan,0,6,0.999830,bellman
manhattan,1,6,0.676000,bellman
manila,0,6,0.999860,bellman
manila,1,6,0.991920,bellman
montreal,0,6,0.999920,bellman
montreal,1,6,0.992110,bellman
mumbai,0,6,0.999870,bellman
mumbai,1,6,0.991060,bellman
nairobi,0,6,0.999670,bellman
nairobi,1,6,0.998020,bellman
osaka,0,6,0.999930,bellman
osaka,1,6,0.608540,bellman
oslo,0,6,0.999870,bellman
oslo,1,6,0.999630,bellman
ourense,0,6,0.999810,bellman
ourense,1,6,0.998310,bellman
paris,0,6,0.999830,bellman
paris,1,6,0.933020,bellman
perth,0,6,0.999730,bellman
perth,1,6,0.998980,bellman
poughkeepsie,0,6,0.999190,bellman
poughkeepsie,1,6,0.953980,bellman
prague,0,6,0.999960,bellman
prague,1,6,0.990330,bellman
quito,0,6,0.998740,bellman
quito,1,6,0.987690,bellman
rochester,0,6,0.999180,bellman
rochester,1,6,0.677090,bellman
rome,0,6,0.999750,bellman
rome,1,6,0.999620,bellman
santiago,0,6,0.999900,bellman
santiago,1,6,0.999810,bellman
singapore,0,6,0.999620,bellman
singapore,1,6,0.993620,bellman
sydney,0,6,0.999900,bellman
sydney,1,6,0.986030,bellman
torino,0,6,0.999770,bellman
torino,1,6,0.381260,bellman
toronto,0,6,0.999860,bellman
toronto,1,6,0.868560,bellman
valencia,0,6,0.999720,bellman
valencia,1,6,0.998240,bellman
vigo,0,6,0.999770,bellman
vigo,1,6,0.996020,bellman
washington,0,6,0.999870,bellman
washington,1,6,0.805340,bellman
yorktown,0,6,0.999600,bellman
yorktown,1,6,0.845840,bellman
perfect_hardware,0,6,1.000000,bellman
algiers,0,7,0.999820,bellman
algiers,1,7,0.990670,bellman
almaden,0,7,0.998880,bellman
almaden,1,7,0.867330,bellman
athens,0,7,0.999510,bellman
athens,1,7,0.998100,bellman
auckland,0,7,0.999780,bellman
auckland,1,7,0.998690,bellman
belem,0,7,0.998580,bellman
belem,1,7,0.994890,bellman
boeblingen,0,7,0.999230,bellman
boeblingen,1,7,0.902250,bellman
bogota,0,7,0.997740,bellman
bogota,1,7,0.990250,bellman
brisbane,0,7,0.999790,bellman
brisbane,1,7,0.805310,bellman
brooklyn,0,7,0.999400,bellman
brooklyn,1,7,0.976270,bellman
burlington,0,7,0.997920,bellman
burlington,1,7,0.992590,bellman
cairo,0,7,0.999790,bellman
cairo,1,7,0.936750,bellman
cambridge,0,7,0.998690,bellman
cambridge,1,7,0.661900,bellman
casablanca,0,7,0.998940,bellman
casablanca,1,7,0.996650,bellman
cusco,0,7,0.999740,bellman
cusco,1,7,0.497070,bellman
essex,0,7,0.996450,bellman
essex,1,7,0.990100,bellman
fez,0,7,0.999890,bellman
fez,1,7,0.968560,bellman
geneva,0,7,0.999090,bellman
geneva,1,7,0.945510,bellman
guadalupe,0,7,0.999540,bellman
guadalupe,1,7,0.989270,bellman
hanoi,0,7,0.999820,bellman
hanoi,1,7,0.979790,bellman
jakarta,0,7,0.999100,bellman
jakarta,1,7,0.990970,bellman
johannesburg,0,7,0.998130,bellman
johannesburg,1,7,0.920110,bellman
kawasaki,0,7,0.999810,bellman
kawasaki,1,7,0.748570,bellman
kolkata,0,7,0.999860,bellman
kolkata,1,7,0.992830,bellman
kyiv,0,7,0.999870,bellman
kyiv,1,7,0.504760,bellman
kyoto,0,7,0.999880,bellman
kyoto,1,7,0.618160,bellman
lagos,0,7,0.999030,bellman
lagos,1,7,0.554190,bellman
lima,0,7,0.999090,bellman
lima,1,7,0.990130,bellman
london,0,7,0.998750,bellman
london,1,7,0.926980,bellman
makarresh,0,7,0.999690,bellman
makarresh,1,7,0.538660,bellman
melbourne,0,7,0.997720,bellman
melbourne,1,7,0.907860,bellman
manhattan,0,7,0.999720,bellman
manhattan,1,7,0.642550,bellman
manila,0,7,0.999280,bellman
manila,1,7,0.973560,bellman
montreal,0,7,0.999770,bellman
montreal,1,7,0.973650,bellman
mumbai,0,7,0.999390,bellman
mumbai,1,7,0.971260,bellman
nairobi,0,7,0.998740,bellman
nairobi,1,7,0.990100,bellman
osaka,0,7,0.999890,bellman
osaka,1,7,0.587270,bellman
oslo,0,7,0.999690,bellman
oslo,1,7,0.997330,bellman
ourense,0,7,0.999160,bellman
ourense,1,7,0.991190,bellman
paris,0,7,0.999700,bellman
paris,1,7,0.884970,bellman
perth,0,7,0.998680,bellman
perth,1,7,0.994320,bellman
poughkeepsie,0,7,0.997980,bellman
poughkeepsie,1,7,0.914410,bellman
prague,0,7,0.999800,bellman
prague,1,7,0.970040,bellman
quito,0,7,0.997410,bellman
quito,1,7,0.964970,bellman
rochester,0,7,0.998890,bellman
rochester,1,7,0.643470,bellman
rome,0,7,0.998490,bellman
rome,1,7,0.997200,bellman
santiago,0,7,0.999640,bellman
santiago,1,7,0.998910,bellman
singapore,0,7,0.998810,bellman
singapore,1,7,0.977710,bellman
sydney,0,7,0.999650,bellman
sydney,1,7,0.961090,bellman
torino,0,7,0.999690,bellman
torino,1,7,0.404470,bellman
toronto,0,7,0.999690,bellman
toronto,1,7,0.814960,bellman
valencia,0,7,0.998230,bellman
valencia,1,7,0.991210,bellman
vigo,0,7,0.999170,bellman
vigo,1,7,0.983730,bellman
washington,0,7,0.999850,bellman
washington,1,7,0.754560,bellman
yorktown,0,7,0.997540,bellman
yorktown,1,7,0.792680,bellman
perfect_hardware,0,7,1.000000,bellman
algiers,0,8,1.000000,bellman
algiers,1,8,0.998320,bellman
almaden,0,8,0.999930,bellman
almaden,1,8,0.918110,bellman
athens,0,8,0.999980,bellman
athens,1,8,0.999840,bellman
auckland,0,8,0.999990,bellman
auckland,1,8,0.999910,bellman
belem,0,8,0.999900,bellman
belem,1,8,0.999310,bellman
boeblingen,0,8,0.999960,bellman
boeblingen,1,8,0.947070,bellman
bogota,0,8,0.999800,bellman
bogota,1,8,0.998210,bellman
brisbane,0,8,1.000000,bellman
brisbane,1,8,0.864160,bellman
brooklyn,0,8,0.999970,bellman
brooklyn,1,8,0.993360,bellman
burlington,0,8,0.999820,bellman
burlington,1,8,0.998810,bellman
cairo,0,8,1.000000,bellman
cairo,1,8,0.971950,bellman
cambridge,0,8,0.999910,bellman
cambridge,1,8,0.699240,bellman
casablanca,0,8,0.999940,bellman
casablanca,1,8,0.999630,bellman
cusco,0,8,0.999990,bellman
cusco,1,8,0.496340,bellman
essex,0,8,0.999610,bellman
essex,1,8,0.998170,bellman
fez,0,8,1.000000,bellman
fez,1,8,0.989850,bellman
geneva,0,8,0.999950,bellman
geneva,1,8,0.977290,bellman
guadalupe,0,8,0.999980,bellman
guadalupe,1,8,0.997930,bellman
hanoi,0,8,1.000000,bellman
hanoi,1,8,0.994710,bellman
jakarta,0,8,0.999950,bellman
jakarta,1,8,0.998400,bellman
johannesburg,0,8,0.999860,bellman
johannesburg,1,8,0.960450,bellman
kawasaki,0,8,1.000000,bellman
kawasaki,1,8,0.798790,bellman
kolkata,0,8,1.000000,bellman
kolkata,1,8,0.998870,bellman
kyiv,0,8,1.000000,bellman
kyiv,1,8,0.505950,bellman
kyoto,0,8,1.000000,bellman
kyoto,1,8,0.646480,bellman
lagos,0,8,0.999940,bellman
lagos,1,8,0.567620,bellman
lima,0,8,0.999950,bellman
lima,1,8,0.998170,bellman
london,0,8,0.999920,bellman
london,1,8,0.965260,bellman
makarresh,0,8,1.000000,bellman
makarresh,1,8,0.548360,bellman
melbourne,0,8,0.999790,bellman
melbourne,1,8,0.951390,bellman
manhattan,0,8,0.999990,bellman
manhattan,1,8,0.676030,bellman
manila,0,8,0.999960,bellman
manila,1,8,0.992140,bellman
montreal,0,8,0.999990,bellman
montreal,1,8,0.992170,bellman
mumbai,0,8,0.999970,bellman
mumbai,1,8,0.991110,bellman
nairobi,0,8,0.999920,bellman
nairobi,1,8,0.998160,bellman
osaka,0,8,1.000000,bellman
osaka,1,8,0.609240,bellman
oslo,0,8,0.999990,bellman
oslo,1,8,0.999740,bellman
ourense,0,8,0.999950,bellman
ourense,1,8,0.998450,bellman
paris,0,8,0.999990,bellman
paris,1,8,0.933080,bellman
perth,0,8,0.999910,bellman
perth,1,8,0.999200,bellman
poughkeepsie,0,8,0.999840,bellman
poughkeepsie,1,8,0.956680,bellman
prague,0,8,0.999990,bellman
prague,1,8,0.990560,bellman
quito,0,8,0.999770,bellman
quito,1,8,0.988130,bellman
rochester,0,8,0.999950,bellman
rochester,1,8,0.677260,bellman
rome,0,8,0.999890,bellman
rome,1,8,0.999720,bellman
santiago,0,8,0.999990,bellman
santiago,1,8,0.999930,bellman
singapore,0,8,0.999920,bellman
singapore,1,8,0.993890,bellman
sydney,0,8,0.999990,bellman
sydney,1,8,0.986130,bellman
torino,0,8,0.999990,bellman
torino,1,8,0.380960,bellman
toronto,0,8,0.999990,bellman
toronto,1,8,0.868670,bellman
valencia,0,8,0.999860,bellman
valencia,1,8,0.998460,bellman
vigo,0,8,0.999960,bellman
vigo,1,8,0.996160,bellman
washington,0,8,1.000000,bellman
washington,1,8,0.805370,bellman
yorktown,0,8,0.999770,bellman
yorktown,1,8,0.846090,bellman
perfect_hardware,0,8,1.000000,bellman
algiers,0,9,0.004910,bellman
algiers,1,9,0.055820,bellman
almaden,0,9,0.015430,bellman
almaden,1,9,0.228020,bellman
athens,0,9,0.010280,bellman
athens,1,9,0.024450,bellman
auckland,0,9,0.005630,bellman
auckland,1,9,0.019410,bellman
belem,0,9,0.020760,bellman
belem,1,9,0.041510,bellman
boeblingen,0,9,0.013440,bellman
boeblingen,1,9,0.193200,bellman
bogota,0,9,0.027190,bellman
bogota,1,9,0.057050,bellman
brisbane,0,9,0.005730,bellman
brisbane,1,9,0.276210,bellman
brooklyn,0,9,0.012640,bellman
brooklyn,1,9,0.088900,bellman
burlington,0,9,0.024800,bellman
burlington,1,9,0.049030,bellman
cairo,0,9,0.005230,bellman
cairo,1,9,0.151680,bellman
cambridge,0,9,0.017440,bellman
cambridge,1,9,0.390290,bellman
casablanca,0,9,0.014840,bellman
casablanca,1,9,0.032820,bellman
cusco,0,9,0.007420,bellman
cusco,1,9,0.501950,bellman
essex,0,9,0.031440,bellman
essex,1,9,0.056620,bellman
fez,0,9,0.001570,bellman
fez,1,9,0.106070,bellman
geneva,0,9,0.014140,bellman
geneva,1,9,0.141530,bellman
guadalupe,0,9,0.010720,bellman
guadalupe,1,9,0.060680,bellman
hanoi,0,9,0.005590,bellman
hanoi,1,9,0.084380,bellman
jakarta,0,9,0.016140,bellman
jakarta,1,9,0.055620,bellman
johannesburg,0,9,0.018430,bellman
johannesburg,1,9,0.173260,bellman
kawasaki,0,9,0.003580,bellman
kawasaki,1,9,0.327430,bellman
kolkata,0,9,0.004970,bellman
kolkata,1,9,0.047160,bellman
kyiv,0,9,0.001830,bellman
kyiv,1,9,0.496830,bellman
kyoto,0,9,0.004370,bellman
kyoto,1,9,0.420550,bellman
lagos,0,9,0.016840,bellman
lagos,1,9,0.463810,bellman
lima,0,9,0.016690,bellman
lima,1,9,0.057800,bellman
london,0,9,0.017080,bellman
london,1,9,0.165260,bellman
makarresh,0,9,0.002980,bellman
makarresh,1,9,0.474200,bellman
melbourne,0,9,0.026700,bellman
melbourne,1,9,0.187120,bellman
manhattan,0,9,0.006460,bellman
manhattan,1,9,0.403780,bellman
manila,0,9,0.014500,bellman
manila,1,9,0.096700,bellman
montreal,0,9,0.007180,bellman
montreal,1,9,0.096790,bellman
mumbai,0,9,0.013110,bellman
mumbai,1,9,0.101270,bellman
nairobi,0,9,0.018560,bellman
nairobi,1,9,0.058180,bellman
osaka,0,9,0.003670,bellman
osaka,1,9,0.441530,bellman
oslo,0,9,0.007830,bellman
oslo,1,9,0.029520,bellman
ourense,0,9,0.015350,bellman
ourense,1,9,0.054770,bellman
paris,0,9,0.007060,bellman
paris,1,9,0.211220,bellman
perth,0,9,0.019690,bellman
perth,1,9,0.043340,bellman
poughkeepsie,0,9,0.021690,bellman
poughkeepsie,1,9,0.177790,bellman
prague,0,9,0.007340,bellman
prague,1,9,0.103210,bellman
quito,0,9,0.023110,bellman
quito,1,9,0.111720,bellman
rochester,0,9,0.010790,bellman
rochester,1,9,0.403120,bellman
rome,0,9,0.021550,bellman
rome,1,9,0.030310,bellman
santiago,0,9,0.009690,bellman
santiago,1,9,0.018120,bellman
singapore,0,9,0.017320,bellman
singapore,1,9,0.088360,bellman
sydney,0,9,0.009400,bellman
sydney,1,9,0.118540,bellman
torino,0,9,0.005360,bellman
torino,1,9,0.564050,bellman
toronto,0,9,0.007930,bellman
toronto,1,9,0.274750,bellman
valencia,0,9,0.023550,bellman
valencia,1,9,0.054470,bellman
vigo,0,9,0.014790,bellman
vigo,1,9,0.075280,bellman
washington,0,9,0.002930,bellman
washington,1,9,0.322880,bellman
yorktown,0,9,0.027890,bellman
yorktown,1,9,0.292970,bellman
perfect_hardware,0,9,0.000000,bellman
algiers,0,10,0.004910,bellman
algiers,1,10,0.055820,bellman
almaden,0,10,0.015430,bellman
almaden,1,10,0.228020,bellman
athens,0,10,0.010280,bellman
athens,1,10,0.024450,bellman
auckland,0,10,0.005630,bellman
auckland,1,10,0.019410,bellman
belem,0,10,0.020760,bellman
belem,1,10,0.041510,bellman
boeblingen,0,10,0.013440,bellman
boeblingen,1,10,0.193200,bellman
bogota,0,10,0.027190,bellman
bogota,1,10,0.057050,bellman
brisbane,0,10,0.005730,bellman
brisbane,1,10,0.276210,bellman
brooklyn,0,10,0.012640,bellman
brooklyn,1,10,0.088900,bellman
burlington,0,10,0.024800,bellman
burlington,1,10,0.049030,bellman
cairo,0,10,0.005230,bellman
cairo,1,10,0.151680,bellman
cambridge,0,10,0.017440,bellman
cambridge,1,10,0.390290,bellman
casablanca,0,10,0.014840,bellman
casablanca,1,10,0.032820,bellman
cusco,0,10,0.007420,bellman
cusco,1,10,0.501950,bellman
essex,0,10,0.031440,bellman
essex,1,10,0.056620,bellman
fez,0,10,0.001570,bellman
fez,1,10,0.106070,bellman
geneva,0,10,0.014140,bellman
geneva,1,10,0.141530,bellman
guadalupe,0,10,0.010720,bellman
guadalupe,1,10,0.060680,bellman
hanoi,0,10,0.005590,bellman
hanoi,1,10,0.084380,bellman
jakarta,0,10,0.016140,bellman
jakarta,1,10,0.055620,bellman
johannesburg,0,10,0.018430,bellman
johannesburg,1,10,0.173260,bellman
kawasaki,0,10,0.003580,bellman
kawasaki,1,10,0.327430,bellman
kolkata,0,10,0.004970,bellman
kolkata,1,10,0.047160,bellman
kyiv,0,10,0.001830,bellman
kyiv,1,10,0.496830,bellman
kyoto,0,10,0.004370,bellman
kyoto,1,10,0.420550,bellman
lagos,0,10,0.016840,bellman
lagos,1,10,0.463810,bellman
lima,0,10,0.016690,bellman
lima,1,10,0.057800,bellman
london,0,10,0.017080,bellman
london,1,10,0.165260,bellman
makarresh,0,10,0.002980,bellman
makarresh,1,10,0.474200,bellman
melbourne,0,10,0.026700,bellman
melbourne,1,10,0.187120,bellman
manhattan,0,10,0.006460,bellman
manhattan,1,10,0.403780,bellman
manila,0,10,0.014500,bellman
manila,1,10,0.096700,bellman
montreal,0,10,0.007180,bellman
montreal,1,10,0.096790,bellman
mumbai,0,10,0.013110,bellman
mumbai,1,10,0.101270,bellman
nairobi,0,10,0.018560,bellman
nairobi,1,10,0.058180,bellman
osaka,0,10,0.003670,bellman
osaka,1,10,0.441530,bellman
oslo,0,10,0.007830,bellman
oslo,1,10,0.029520,bellman
ourense,0,10,0.015350,bellman
ourense,1,10,0.054770,bellman
paris,0,10,0.007060,bellman
paris,1,10,0.211220,bellman
perth,0,10,0.019690,bellman
perth,1,10,0.043340,bellman
poughkeepsie,0,10,0.021690,bellman
poughkeepsie,1,10,0.177790,bellman
prague,0,10,0.007340,bellman
prague,1,10,0.103210,bellman
quito,0,10,0.023110,bellman
quito,1,10,0.111720,bellman
rochester,0,10,0.010790,bellman
rochester,1,10,0.403120,bellman
rome,0,10,0.021550,bellman
rome,1,10,0.030310,bellman
santiago,0,10,0.009690,bellman
santiago,1,10,0.018120,bellman
singapore,0,10,0.017320,bellman
singapore,1,10,0.088360,bellman
sydney,0,10,0.009400,bellman
sydney,1,10,0.118540,bellman
torino,0,10,0.005360,bellman
torino,1,10,0.564050,bellman
toronto,0,10,0.007930,bellman
toronto,1,10,0.274750,bellman
valencia,0,10,0.023550,bellman
valencia,1,10,0.054470,bellman
vigo,0,10,0.014790,bellman
vigo,1,10,0.075280,bellman
washington,0,10,0.002930,bellman
washington,1,10,0.322880,bellman
yorktown,0,10,0.027890,bellman
yorktown,1,10,0.292970,bellman
perfect_hardware,0,10,0.000000,bellman
algiers,0,11,0.000180,bellman
algiers,1,11,0.009330,bellman
almaden,0,11,0.001120,bellman
almaden,1,11,0.132670,bellman
athens,0,11,0.000490,bellman
athens,1,11,0.001900,bellman
auckland,0,11,0.000220,bellman
auckland,1,11,0.001310,bellman
belem,0,11,0.001420,bellman
belem,1,11,0.005110,bellman
boeblingen,0,11,0.000770,bellman
boeblingen,1,11,0.097750,bellman
bogota,0,11,0.002260,bellman
bogota,1,11,0.009750,bellman
brisbane,0,11,0.000210,bellman
brisbane,1,11,0.194690,bellman
brooklyn,0,11,0.000600,bellman
brooklyn,1,11,0.023730,bellman
burlington,0,11,0.002080,bellman
burlington,1,11,0.007410,bellman
cairo,0,11,0.000210,bellman
cairo,1,11,0.063250,bellman
cambridge,0,11,0.001310,bellman
cambridge,1,11,0.338100,bellman
casablanca,0,11,0.001060,bellman
casablanca,1,11,0.003350,bellman
cusco,0,11,0.000260,bellman
cusco,1,11,0.502930,bellman
essex,0,11,0.003550,bellman
essex,1,11,0.009900,bellman
fez,0,11,0.000110,bellman
fez,1,11,0.031440,bellman
geneva,0,11,0.000910,bellman
geneva,1,11,0.054490,bellman
guadalupe,0,11,0.000460,bellman
guadalupe,1,11,0.010730,bellman
hanoi,0,11,0.000180,bellman
hanoi,1,11,0.020210,bellman
jakarta,0,11,0.000900,bellman
jakarta,1,11,0.009030,bellman
johannesburg,0,11,0.001870,bellman
johannesburg,1,11,0.079890,bellman
kawasaki,0,11,0.000190,bellman
kawasaki,1,11,0.251430,bellman
kolkata,0,11,0.000140,bellman
kolkata,1,11,0.007170,bellman
kyiv,0,11,0.000130,bellman
kyiv,1,11,0.495240,bellman
kyoto,0,11,0.000120,bellman
kyoto,1,11,0.381840,bellman
lagos,0,11,0.000970,bellman
lagos,1,11,0.445810,bellman
lima,0,11,0.000910,bellman
lima,1,11,0.009870,bellman
london,0,11,0.001250,bellman
london,1,11,0.073020,bellman
makarresh,0,11,0.000310,bellman
makarresh,1,11,0.461340,bellman
melbourne,0,11,0.002280,bellman
melbourne,1,11,0.092140,bellman
manhattan,0,11,0.000280,bellman
manhattan,1,11,0.357450,bellman
manila,0,11,0.000720,bellman
manila,1,11,0.026440,bellman
montreal,0,11,0.000230,bellman
montreal,1,11,0.026350,bellman
mumbai,0,11,0.000610,bellman
mumbai,1,11,0.028740,bellman
nairobi,0,11,0.001260,bellman
nairobi,1,11,0.009900,bellman
osaka,0,11,0.000110,bellman
osaka,1,11,0.412730,bellman
oslo,0,11,0.000310,bellman
oslo,1,11,0.002670,bellman
ourense,0,11,0.000840,bellman
ourense,1,11,0.008810,bellman
paris,0,11,0.000300,bellman
paris,1,11,0.115030,bellman
perth,0,11,0.001320,bellman
perth,1,11,0.005680,bellman
poughkeepsie,0,11,0.002020,bellman
poughkeepsie,1,11,0.085590,bellman
prague,0,11,0.000200,bellman
prague,1,11,0.029960,bellman
quito,0,11,0.002590,bellman
quito,1,11,0.035030,bellman
rochester,0,11,0.001110,bellman
rochester,1,11,0.356530,bellman
rome,0,11,0.001510,bellman
rome,1,11,0.002800,bellman
santiago,0,11,0.000360,bellman
santiago,1,11,0.001090,bellman
singapore,0,11,0.001190,bellman
singapore,1,11,0.022290,bellman
sydney,0,11,0.000350,bellman
sydney,1,11,0.038910,bellman
torino,0,11,0.000310,bellman
torino,1,11,0.595530,bellman
toronto,0,11,0.000310,bellman
toronto,1,11,0.185040,bellman
valencia,0,11,0.001770,bellman
valencia,1,11,0.008790,bellman
vigo,0,11,0.000830,bellman
vigo,1,11,0.016270,bellman
washington,0,11,0.000150,bellman
washington,1,11,0.245440,bellman
yorktown,0,11,0.002460,bellman
yorktown,1,11,0.207320,bellman
perfect_hardware,0,11,0.000000,bellman
algiers,0,12,0.000180,bellman
algiers,1,12,0.009330,bellman
almaden,0,12,0.001120,bellman
almaden,1,12,0.132670,bellman
athens,0,12,0.000490,bellman
athens,1,12,0.001900,bellman
auckland,0,12,0.000220,bellman
auckland,1,12,0.001310,bellman
belem,0,12,0.001420,bellman
belem,1,12,0.005110,bellman
boeblingen,0,12,0.000770,bellman
boeblingen,1,12,0.097750,bellman
bogota,0,12,0.002260,bellman
bogota,1,12,0.009750,bellman
brisbane,0,12,0.000210,bellman
brisbane,1,12,0.194690,bellman
brooklyn,0,12,0.000600,bellman
brooklyn,1,12,0.023730,bellman
burlington,0,12,0.002080,bellman
burlington,1,12,0.007410,bellman
cairo,0,12,0.000210,bellman
cairo,1,12,0.063250,bellman
cambridge,0,12,0.001310,bellman
cambridge,1,12,0.338100,bellman
casablanca,0,12,0.001060,bellman
casablanca,1,12,0.003350,bellman
cusco,0,12,0.000260,bellman
cusco,1,12,0.502930,bellman
essex,0,12,0.003550,bellman
essex,1,12,0.009900,bellman
fez,0,12,0.000110,bellman
fez,1,12,0.031440,bellman
geneva,0,12,0.000910,bellman
geneva,1,12,0.054490,bellman
guadalupe,0,12,0.000460,bellman
guadalupe,1,12,0.010730,bellman
hanoi,0,12,0.000180,bellman
hanoi,1,12,0.020210,bellman
jakarta,0,12,0.000900,bellman
jakarta,1,12,0.009030,bellman
johannesburg,0,12,0.001870,bellman
johannesburg,1,12,0.079890,bellman
kawasaki,0,12,0.000190,bellman
kawasaki,1,12,0.251430,bellman
kolkata,0,12,0.000140,bellman
kolkata,1,12,0.007170,bellman
kyiv,0,12,0.000130,bellman
kyiv,1,12,0.495240,bellman
kyoto,0,12,0.000120,bellman
kyoto,1,12,0.381840,bellman
lagos,0,12,0.000970,bellman
lagos,1,12,0.445810,bellman
lima,0,12,0.000910,bellman
lima,1,12,0.009870,bellman
london,0,12,0.001250,bellman
london,1,12,0.073020,bellman
makarresh,0,12,0.000310,bellman
makarresh,1,12,0.461340,bellman
melbourne,0,12,0.002280,bellman
melbourne,1,12,0.092140,bellman
manhattan,0,12,0.000280,bellman
manhattan,1,12,0.357450,bellman
manila,0,12,0.000720,bellman
manila,1,12,0.026440,bellman
montreal,0,12,0.000230,bellman
montreal,1,12,0.026350,bellman
mumbai,0,12,0.000610,bellman
mumbai,1,12,0.028740,bellman
nairobi,0,12,0.001260,bellman
nairobi,1,12,0.009900,bellman
osaka,0,12,0.000110,bellman
osaka,1,12,0.412730,bellman
oslo,0,12,0.000310,bellman
oslo,1,12,0.002670,bellman
ourense,0,12,0.000840,bellman
ourense,1,12,0.008810,bellman
paris,0,12,0.000300,bellman
paris,1,12,0.115030,bellman
perth,0,12,0.001320,bellman
perth,1,12,0.005680,bellman
poughkeepsie,0,12,0.002020,bellman
poughkeepsie,1,12,0.085590,bellman
prague,0,12,0.000200,bellman
prague,1,12,0.029960,bellman
quito,0,12,0.002590,bellman
quito,1,12,0.035030,bellman
rochester,0,12,0.001110,bellman
rochester,1,12,0.356530,bellman
rome,0,12,0.001510,bellman
rome,1,12,0.002800,bellman
santiago,0,12,0.000360,bellman
santiago,1,12,0.001090,bellman
singapore,0,12,0.001190,bellman
singapore,1,12,0.022290,bellman
sydney,0,12,0.000350,bellman
sydney,1,12,0.038910,bellman
torino,0,12,0.000310,bellman
torino,1,12,0.595530,bellman
toronto,0,12,0.000310,bellman
toronto,1,12,0.185040,bellman
valencia,0,12,0.001770,bellman
valencia,1,12,0.008790,bellman
vigo,0,12,0.000830,bellman
vigo,1,12,0.016270,bellman
washington,0,12,0.000150,bellman
washington,1,12,0.245440,bellman
yorktown,0,12,0.002460,bellman
yorktown,1,12,0.207320,bellman
perfect_hardware,0,12,0.000000,bellman
algiers,0,13,0.000110,bellman
algiers,1,13,0.002030,bellman
almaden,0,13,0.000480,bellman
almaden,1,13,0.082530,bellman
athens,0,13,0.000200,bellman
athens,1,13,0.000290,bellman
auckland,0,13,0.000130,bellman
auckland,1,13,0.000280,bellman
belem,0,13,0.000250,bellman
belem,1,13,0.000780,bellman
boeblingen,0,13,0.000270,bellman
boeblingen,1,13,0.053200,bellman
bogota,0,13,0.000290,bellman
bogota,1,13,0.002170,bellman
brisbane,0,13,0.000120,bellman
brisbane,1,13,0.150140,bellman
brooklyn,0,13,0.000160,bellman
brooklyn,1,13,0.008230,bellman
burlington,0,13,0.000450,bellman
burlington,1,13,0.001650,bellman
cairo,0,13,0.000130,bellman
cairo,1,13,0.029570,bellman
cambridge,0,13,0.000500,bellman
cambridge,1,13,0.300840,bellman
casablanca,0,13,0.000480,bellman
casablanca,1,13,0.000560,bellman
cusco,0,13,0.000100,bellman
cusco,1,13,0.503660,bellman
essex,0,13,0.001060,bellman
essex,1,13,0.002520,bellman
fez,0,13,0.000110,bellman
fez,1,13,0.010230,bellman
geneva,0,13,0.000370,bellman
geneva,1,13,0.022790,bellman
guadalupe,0,13,0.000140,bellman
guadalupe,1,13,0.002220,bellman
hanoi,0,13,0.000090,bellman
hanoi,1,13,0.005350,bellman
jakarta,0,13,0.000180,bellman
jakarta,1,13,0.001710,bellman
johannesburg,0,13,0.001020,bellman
johannesburg,1,13,0.039870,bellman
kawasaki,0,13,0.000160,bellman
kawasaki,1,13,0.201230,bellman
kolkata,0,13,0.000070,bellman
kolkata,1,13,0.001870,bellman
kyiv,0,13,0.000120,bellman
kyiv,1,13,0.494050,bellman
kyoto,0,13,0.000070,bellman
kyoto,1,13,0.353530,bellman
lagos,0,13,0.000190,bellman
lagos,1,13,0.432380,bellman
lima,0,13,0.000130,bellman
lima,1,13,0.002080,bellman
london,0,13,0.000470,bellman
london,1,13,0.034900,bellman
makarresh,0,13,0.000290,bellman
makarresh,1,13,0.451720,bellman
melbourne,0,13,0.000390,bellman
melbourne,1,13,0.048890,bellman
manhattan,0,13,0.000170,bellman
manhattan,1,13,0.324000,bellman
manila,0,13,0.000140,bellman
manila,1,13,0.008080,bellman
montreal,0,13,0.000080,bellman
montreal,1,13,0.007890,bellman
mumbai,0,13,0.000130,bellman
mumbai,1,13,0.008940,bellman
nairobi,0,13,0.000330,bellman
nairobi,1,13,0.001980,bellman
osaka,0,13,0.000070,bellman
osaka,1,13,0.391460,bellman
oslo,0,13,0.000130,bellman
oslo,1,13,0.000370,bellman
ourense,0,13,0.000190,bellman
ourense,1,13,0.001690,bellman
paris,0,13,0.000170,bellman
paris,1,13,0.066980,bellman
perth,0,13,0.000270,bellman
perth,1,13,0.001020,bellman
poughkeepsie,0,13,0.000810,bellman
poughkeepsie,1,13,0.046020,bellman
prague,0,13,0.000040,bellman
prague,1,13,0.009670,bellman
quito,0,13,0.001260,bellman
quito,1,13,0.012310,bellman
rochester,0,13,0.000820,bellman
rochester,1,13,0.322910,bellman
rome,0,13,0.000250,bellman
rome,1,13,0.000380,bellman
santiago,0,13,0.000100,bellman
santiago,1,13,0.000190,bellman
singapore,0,13,0.000380,bellman
singapore,1,13,0.006380,bellman
sydney,0,13,0.000100,bellman
sydney,1,13,0.013970,bellman
torino,0,13,0.000230,bellman
torino,1,13,0.618740,bellman
toronto,0,13,0.000140,bellman
toronto,1,13,0.131440,bellman
valencia,0,13,0.000280,bellman
valencia,1,13,0.001760,bellman
vigo,0,13,0.000230,bellman
vigo,1,13,0.003980,bellman
washington,0,13,0.000130,bellman
washington,1,13,0.194660,bellman
yorktown,0,13,0.000400,bellman
yorktown,1,13,0.154160,bellman
perfect_hardware,0,13,0.000000,bellman
algiers,0,14,0.000110,bellman
algiers,1,14,0.002030,bellman
almaden,0,14,0.000480,bellman
almaden,1,14,0.082530,bellman
athens,0,14,0.000200,bellman
athens,1,14,0.000290,bellman
auckland,0,14,0.000130,bellman
auckland,1,14,0.000280,bellman
belem,0,14,0.000250,bellman
belem,1,14,0.000780,bellman
boeblingen,0,14,0.000270,bellman
boeblingen,1,14,0.053200,bellman
bogota,0,14,0.000290,bellman
bogota,1,14,0.002170,bellman
brisbane,0,14,0.000120,bellman
brisbane,1,14,0.150140,bellman
brooklyn,0,14,0.000160,bellman
brooklyn,1,14,0.008230,bellman
burlington,0,14,0.000450,bellman
burlington,1,14,0.001650,bellman
cairo,0,14,0.000130,bellman
cairo,1,14,0.029570,bellman
cambridge,0,14,0.000500,bellman
cambridge,1,14,0.300840,bellman
casablanca,0,14,0.000480,bellman
casablanca,1,14,0.000560,bellman
cusco,0,14,0.000100,bellman
cusco,1,14,0.503660,bellman
essex,0,14,0.001060,bellman
essex,1,14,0.002520,bellman
fez,0,14,0.000110,bellman
fez,1,14,0.010230,bellman
geneva,0,14,0.000370,bellman
geneva,1,14,0.022790,bellman
guadalupe,0,14,0.000140,bellman
guadalupe,1,14,0.002220,bellman
hanoi,0,14,0.000090,bellman
hanoi,1,14,0.005350,bellman
jakarta,0,14,0.000180,bellman
jakarta,1,14,0.001710,bellman
johannesburg,0,14,0.001020,bellman
johannesburg,1,14,0.039870,bellman
kawasaki,0,14,0.000160,bellman
kawasaki,1,14,0.201230,bellman
kolkata,0,14,0.000070,bellman
kolkata,1,14,0.001870,bellman
kyiv,0,14,0.000120,bellman
kyiv,1,14,0.494050,bellman
kyoto,0,14,0.000070,bellman
kyoto,1,14,0.353530,bellman
lagos,0,14,0.000190,bellman
lagos,1,14,0.432380,bellman
lima,0,14,0.000130,bellman
lima,1,14,0.002080,bellman
london,0,14,0.000470,bellman
london,1,14,0.034900,bellman
makarresh,0,14,0.000290,bellman
makarresh,1,14,0.451720,bellman
melbourne,0,14,0.000390,bellman
melbourne,1,14,0.048890,bellman
manhattan,0,14,0.000170,bellman
manhattan,1,14,0.324000,bellman
manila,0,14,0.000140,bellman
manila,1,14,0.008080,bellman
montreal,0,14,0.000080,bellman
montreal,1,14,0.007890,bellman
mumbai,0,14,0.000130,bellman
mumbai,1,14,0.008940,bellman
nairobi,0,14,0.000330,bellman
nairobi,1,14,0.001980,bellman
osaka,0,14,0.000070,bellman
osaka,1,14,0.391460,bellman
oslo,0,14,0.000130,bellman
oslo,1,14,0.000370,bellman
ourense,0,14,0.000190,bellman
ourense,1,14,0.001690,bellman
paris,0,14,0.000170,bellman
paris,1,14,0.066980,bellman
perth,0,14,0.000270,bellman
perth,1,14,0.001020,bellman
poughkeepsie,0,14,0.000810,bellman
poughkeepsie,1,14,0.046020,bellman
prague,0,14,0.000040,bellman
prague,1,14,0.009670,bellman
quito,0,14,0.001260,bellman
quito,1,14,0.012310,bellman
rochester,0,14,0.000820,bellman
rochester,1,14,0.322910,bellman
rome,0,14,0.000250,bellman
rome,1,14,0.000380,bellman
santiago,0,14,0.000100,bellman
santiago,1,14,0.000190,bellman
singapore,0,14,0.000380,bellman
singapore,1,14,0.006380,bellman
sydney,0,14,0.000100,bellman
sydney,1,14,0.013970,bellman
torino,0,14,0.000230,bellman
torino,1,14,0.618740,bellman
toronto,0,14,0.000140,bellman
toronto,1,14,0.131440,bellman
valencia,0,14,0.000280,bellman
valencia,1,14,0.001760,bellman
vigo,0,14,0.000230,bellman
vigo,1,14,0.003980,bellman
washington,0,14,0.000130,bellman
washington,1,14,0.194660,bellman
yorktown,0,14,0.000400,bellman
yorktown,1,14,0.154160,bellman
perfect_hardware,0,14,0.000000,bellman
algiers,0,15,0.999890,bellman
algiers,1,15,0.997970,bellman
almaden,0,15,0.999520,bellman
almaden,1,15,0.917470,bellman
athens,0,15,0.999800,bellman
athens,1,15,0.999710,bellman
auckland,0,15,0.999870,bellman
auckland,1,15,0.999720,bellman
belem,0,15,0.999750,bellman
belem,1,15,0.999220,bellman
boeblingen,0,15,0.999730,bellman
boeblingen,1,15,0.946800,bellman
bogota,0,15,0.999710,bellman
bogota,1,15,0.997830,bellman
brisbane,0,15,0.999880,bellman
brisbane,1,15,0.849860,bellman
brooklyn,0,15,0.999840,bellman
brooklyn,1,15,0.991770,bellman
burlington,0,15,0.999550,bellman
burlington,1,15,0.998350,bellman
cairo,0,15,0.999870,bellman
cairo,1,15,0.970430,bellman
cambridge,0,15,0.999500,bellman
cambridge,1,15,0.699160,bellman
casablanca,0,15,0.999520,bellman
casablanca,1,15,0.999440,bellman
cusco,0,15,0.999900,bellman
cusco,1,15,0.496340,bellman
essex,0,15,0.998940,bellman
essex,1,15,0.997480,bellman
fez,0,15,0.999890,bellman
fez,1,15,0.989770,bellman
geneva,0,15,0.999630,bellman
geneva,1,15,0.977210,bellman
guadalupe,0,15,0.999860,bellman
guadalupe,1,15,0.997780,bellman
hanoi,0,15,0.999910,bellman
hanoi,1,15,0.994650,bellman
jakarta,0,15,0.999820,bellman
jakarta,1,15,0.998290,bellman
johannesburg,0,15,0.998980,bellman
johannesburg,1,15,0.960130,bellman
kawasaki,0,15,0.999840,bellman
kawasaki,1,15,0.798770,bellman
kolkata,0,15,0.999930,bellman
kolkata,1,15,0.998130,bellman
kyiv,0,15,0.999880,bellman
kyiv,1,15,0.505950,bellman
kyoto,0,15,0.999930,bellman
kyoto,1,15,0.646470,bellman
lagos,0,15,0.999810,bellman
lagos,1,15,0.567620,bellman
lima,0,15,0.999860,bellman
lima,1,15,0.997920,bellman
london,0,15,0.999530,bellman
london,1,15,0.965100,bellman
makarresh,0,15,0.999710,bellman
makarresh,1,15,0.548280,bellman
melbourne,0,15,0.999610,bellman
melbourne,1,15,0.951110,bellman
manhattan,0,15,0.999830,bellman
manhattan,1,15,0.676000,bellman
manila,0,15,0.999860,bellman
manila,1,15,0.991920,bellman
montreal,0,15,0.999920,bellman
montreal,1,15,0.992110,bellman
mumbai,0,15,0.999870,bellman
mumbai,1,15,0.991060,bellman
nairobi,0,15,0.999670,bellman
nairobi,1,15,0.998020,bellman
osaka,0,15,0.999930,bellman
osaka,1,15,0.608540,bellman
oslo,0,15,0.999870,bellman
oslo,1,15,0.999630,bellman
ourense,0,15,0.999810,bellman
ourense,1,15,0.998310,bellman
paris,0,15,0.999830,bellman
paris,1,15,0.933020,bellman
perth,0,15,0.999730,bellman
perth,1,15,0.998980,bellman
poughkeepsie,0,15,0.999190,bellman
poughkeepsie,1,15,0.953980,bellman
prague,0,15,0.999960,bellman
prague,1,15,0.990330,bellman
quito,0,15,0.998740,bellman
quito,1,15,0.987690,bellman
rochester,0,15,0.999180,bellman
rochester,1,15,0.677090,bellman
rome,0,15,0.999750,bellman
rome,1,15,0.999620,bellman
santiago,0,15,0.999900,bellman
santiago,1,15,0.999810,bellman
singapore,0,15,0.999620,bellman
singapore,1,15,0.993620,bellman
sydney,0,15,0.999900,bellman
sydney,1,15,0.986030,bellman
torino,0,15,0.999770,bellman
torino,1,15,0.381260,bellman
toronto,0,15,0.999860,bellman
toronto,1,15,0.868560,bellman
valencia,0,15,0.999720,bellman
valencia,1,15,0.998240,bellman
vigo,0,15,0.999770,bellman
vigo,1,15,0.996020,bellman
washington,0,15,0.999870,bellman
washington,1,15,0.805340,bellman
yorktown,0,15,0.999600,bellman
yorktown,1,15,0.845840,bellman
perfect_hardware,0,15,1.000000,bellman
algiers,0,16,0.999820,bellman
algiers,1,16,0.990670,bellman
almaden,0,16,0.998880,bellman
almaden,1,16,0.867330,bellman
athens,0,16,0.999510,bellman
athens,1,16,0.998100,bellman
auckland,0,16,0.999780,bellman
auckland,1,16,0.998690,bellman
belem,0,16,0.998580,bellman
belem,1,16,0.994890,bellman
boeblingen,0,16,0.999230,bellman
boeblingen,1,16,0.902250,bellman
bogota,0,16,0.997740,bellman
bogota,1,16,0.990250,bellman
brisbane,0,16,0.999790,bellman
brisbane,1,16,0.805310,bellman
brooklyn,0,16,0.999400,bellman
brooklyn,1,16,0.976270,bellman
burlington,0,16,0.997920,bellman
burlington,1,16,0.992590,bellman
cairo,0,16,0.999790,bellman
cairo,1,16,0.936750,bellman
cambridge,0,16,0.998690,bellman
cambridge,1,16,0.661900,bellman
casablanca,0,16,0.998940,bellman
casablanca,1,16,0.996650,bellman
cusco,0,16,0.999740,bellman
cusco,1,16,0.497070,bellman
essex,0,16,0.996450,bellman
essex,1,16,0.990100,bellman
fez,0,16,0.999890,bellman
fez,1,16,0.968560,bellman
geneva,0,16,0.999090,bellman
geneva,1,16,0.945510,bellman
guadalupe,0,16,0.999540,bellman
guadalupe,1,16,0.989270,bellman
hanoi,0,16,0.999820,bellman
hanoi,1,16,0.979790,bellman
jakarta,0,16,0.999100,bellman
jakarta,1,16,0.990970,bellman
johannesburg,0,16,0.998130,bellman
johannesburg,1,16,0.920110,bellman
kawasaki,0,16,0.999810,bellman
kawasaki,1,16,0.748570,bellman
kolkata,0,16,0.999860,bellman
kolkata,1,16,0.992830,bellman
kyiv,0,16,0.999870,bellman
kyiv,1,16,0.504760,bellman
kyoto,0,16,0.999880,bellman
kyoto,1,16,0.618160,bellman
lagos,0,16,0.999030,bellman
lagos,1,16,0.554190,bellman
lima,0,16,0.999090,bellman
lima,1,16,0.990130,bellman
london,0,16,0.998750,bellman
london,1,16,0.926980,bellman
makarresh,0,16,0.999690,bellman
makarresh,1,16,0.538660,bellman
melbourne,0,16,0.997720,bellman
melbourne,1,16,0.907860,bellman
manhattan,0,16,0.999720,bellman
manhattan,1,16,0.642550,bellman
manila,0,16,0.999280,bellman
manila,1,16,0.973560,bellman
montreal,0,16,0.999770,bellman
montreal,1,16,0.973650,bellman
mumbai,0,16,0.999390,bellman
mumbai,1,16,0.971260,bellman
nairobi,0,16,0.998740,bellman
nairobi,1,16,0.990100,bellman
osaka,0,16,0.999890,bellman
osaka,1,16,0.587270,bellman
oslo,0,16,0.999690,bellman
oslo,1,16,0.997330,bellman
ourense,0,16,0.999160,bellman
ourense,1,16,0.991190,bellman
paris,0,16,0.999700,bellman
paris,1,16,0.884970,bellman
perth,0,16,0.998680,bellman
perth,1,16,0.994320,bellman
poughkeepsie,0,16,0.997980,bellman
poughkeepsie,1,16,0.914410,bellman
prague,0,16,0.999800,bellman
prague,1,16,0.970040,bellman
quito,0,16,0.997410,bellman
quito,1,16,0.964970,bellman
rochester,0,16,0.998890,bellman
rochester,1,16,0.643470,bellman
rome,0,16,0.998490,bellman
rome,1,16,0.997200,bellman
santiago,0,16,0.999640,bellman
santiago,1,16,0.998910,bellman
singapore,0,16,0.998810,bellman
singapore,1,16,0.977710,bellman
sydney,0,16,0.999650,bellman
sydney,1,16,0.961090,bellman
torino,0,16,0.999690,bellman
torino,1,16,0.404470,bellman
toronto,0,16,0.999690,bellman
toronto,1,16,0.814960,bellman
valencia,0,16,0.998230,bellman
valencia,1,16,0.991210,bellman
vigo,0,16,0.999170,bellman
vigo,1,16,0.983730,bellman
washington,0,16,0.999850,bellman
washington,1,16,0.754560,bellman
yorktown,0,16,0.997540,bellman
yorktown,1,16,0.792680,bellman
perfect_hardware,0,16,1.000000,bellman
algiers,0,17,0.999890,bellman
algiers,1,17,0.997970,bellman
almaden,0,17,0.999520,bellman
almaden,1,17,0.917470,bellman
athens,0,17,0.999800,bellman
athens,1,17,0.999710,bellman
auckland,0,17,0.999870,bellman
auckland,1,17,0.999720,bellman
belem,0,17,0.999750,bellman
belem,1,17,0.999220,bellman
boeblingen,0,17,0.999730,bellman
boeblingen,1,17,0.946800,bellman
bogota,0,17,0.999710,bellman
bogota,1,17,0.997830,bellman
brisbane,0,17,0.999880,bellman
brisbane,1,17,0.849860,bellman
brooklyn,0,17,0.999840,bellman
brooklyn,1,17,0.991770,bellman
burlington,0,17,0.999550,bellman
burlington,1,17,0.998350,bellman
cairo,0,17,0.999870,bellman
cairo,1,17,0.970430,bellman
cambridge,0,17,0.999500,bellman
cambridge,1,17,0.699160,bellman
casablanca,0,17,0.999520,bellman
casablanca,1,17,0.999440,bellman
cusco,0,17,0.999900,bellman
cusco,1,17,0.496340,bellman
essex,0,17,0.998940,bellman
essex,1,17,0.997480,bellman
fez,0,17,0.999890,bellman
fez,1,17,0.989770,bellman
geneva,0,17,0.999630,bellman
geneva,1,17,0.977210,bellman
guadalupe,0,17,0.999860,bellman
guadalupe,1,17,0.997780,bellman
hanoi,0,17,0.999910,bellman
hanoi,1,17,0.994650,bellman
jakarta,0,17,0.999820,bellman
jakarta,1,17,0.998290,bellman
johannesburg,0,17,0.998980,bellman
johannesburg,1,17,0.960130,bellman
kawasaki,0,17,0.999840,bellman
kawasaki,1,17,0.798770,bellman
kolkata,0,17,0.999930,bellman
kolkata,1,17,0.998130,bellman
kyiv,0,17,0.999880,bellman
kyiv,1,17,0.505950,bellman
kyoto,0,17,0.999930,bellman
kyoto,1,17,0.646470,bellman
lagos,0,17,0.999810,bellman
lagos,1,17,0.567620,bellman
lima,0,17,0.999860,bellman
lima,1,17,0.997920,bellman
london,0,17,0.999530,bellman
london,1,17,0.965100,bellman
makarresh,0,17,0.999710,bellman
makarresh,1,17,0.548280,bellman
melbourne,0,17,0.999610,bellman
melbourne,1,17,0.951110,bellman
manhattan,0,17,0.999830,bellman
manhattan,1,17,0.676000,bellman
manila,0,17,0.999860,bellman
manila,1,17,0.991920,bellman
montreal,0,17,0.999920,bellman
montreal,1,17,0.992110,bellman
mumbai,0,17,0.999870,bellman
mumbai,1,17,0.991060,bellman
nairobi,0,17,0.999670,bellman
nairobi,1,17,0.998020,bellman
osaka,0,17,0.999930,bellman
osaka,1,17,0.608540,bellman
oslo,0,17,0.999870,bellman
oslo,1,17,0.999630,bellman
ourense,0,17,0.999810,bellman
ourense,1,17,0.998310,bellman
paris,0,17,0.999830,bellman
paris,1,17,0.933020,bellman
perth,0,17,0.999730,bellman
perth,1,17,0.998980,bellman
poughkeepsie,0,17,0.999190,bellman
poughkeepsie,1,17,0.953980,bellman
prague,0,17,0.999960,bellman
prague,1,17,0.990330,bellman
quito,0,17,0.998740,bellman
quito,1,17,0.987690,bellman
rochester,0,17,0.999180,bellman
rochester,1,17,0.677090,bellman
rome,0,17,0.999750,bellman
rome,1,17,0.999620,bellman
santiago,0,17,0.999900,bellman
santiago,1,17,0.999810,bellman
singapore,0,17,0.999620,bellman
singapore,1,17,0.993620,bellman
sydney,0,17,0.999900,bellman
sydney,1,17,0.986030,bellman
torino,0,17,0.999770,bellman
torino,1,17,0.381260,bellman
toronto,0,17,0.999860,bellman
toronto,1,17,0.868560,bellman
valencia,0,17,0.999720,bellman
valencia,1,17,0.998240,bellman
vigo,0,17,0.999770,bellman
vigo,1,17,0.996020,bellman
washington,0,17,0.999870,bellman
washington,1,17,0.805340,bellman
yorktown,0,17,0.999600,bellman
yorktown,1,17,0.845840,bellman
perfect_hardware,0,17,1.000000,bellman
algiers,0,18,0.000070,bellman
algiers,1,18,0.008950,bellman
almaden,0,18,0.000690,bellman
almaden,1,18,0.131790,bellman
athens,0,18,0.000310,bellman
athens,1,18,0.001760,bellman
auckland,0,18,0.000090,bellman
auckland,1,18,0.001110,bellman
belem,0,18,0.001270,bellman
belem,1,18,0.005020,bellman
boeblingen,0,18,0.000530,bellman
boeblingen,1,18,0.097400,bellman
bogota,0,18,0.002170,bellman
bogota,1,18,0.009350,bellman
brisbane,0,18,0.000100,bellman
brisbane,1,18,0.174640,bellman
brooklyn,0,18,0.000470,bellman
brooklyn,1,18,0.021970,bellman
burlington,0,18,0.001800,bellman
burlington,1,18,0.006930,bellman
cairo,0,18,0.000080,bellman
cairo,1,18,0.061410,bellman
cambridge,0,18,0.000890,bellman
cambridge,1,18,0.337940,bellman
casablanca,0,18,0.000640,bellman
casablanca,1,18,0.003150,bellman
cusco,0,18,0.000160,bellman
cusco,1,18,0.502930,bellman
essex,0,18,0.002860,bellman
essex,1,18,0.009170,bellman
fez,0,18,0.000010,bellman
fez,1,18,0.031350,bellman
geneva,0,18,0.000580,bellman
geneva,1,18,0.054390,bellman
guadalupe,0,18,0.000340,bellman
guadalupe,1,18,0.010580,bellman
hanoi,0,18,0.000090,bellman
hanoi,1,18,0.020150,bellman
jakarta,0,18,0.000770,bellman
jakarta,1,18,0.008920,bellman
johannesburg,0,18,0.000970,bellman
johannesburg,1,18,0.079490,bellman
kawasaki,0,18,0.000040,bellman
kawasaki,1,18,0.251410,bellman
kolkata,0,18,0.000070,bellman
kolkata,1,18,0.006390,bellman
kyiv,0,18,0.000010,bellman
kyiv,1,18,0.495240,bellman
kyoto,0,18,0.000060,bellman
kyoto,1,18,0.381810,bellman
lagos,0,18,0.000840,bellman
lagos,1,18,0.445810,bellman
lima,0,18,0.000820,bellman
lima,1,18,0.009600,bellman
london,0,18,0.000850,bellman
london,1,18,0.072830,bellman
makarresh,0,18,0.000020,bellman
makarresh,1,18,0.461180,bellman
melbourne,0,18,0.002090,bellman
melbourne,1,18,0.091780,bellman
manhattan,0,18,0.000120,bellman
manhattan,1,18,0.357410,bellman
manila,0,18,0.000620,bellman
manila,1,18,0.026190,bellman
montreal,0,18,0.000150,bellman
montreal,1,18,0.026280,bellman
mumbai,0,18,0.000510,bellman
mumbai,1,18,0.028680,bellman
nairobi,0,18,0.001010,bellman
nairobi,1,18,0.009740,bellman
osaka,0,18,0.000040,bellman
osaka,1,18,0.411360,bellman
oslo,0,18,0.000180,bellman
oslo,1,18,0.002560,bellman
ourense,0,18,0.000690,bellman
ourense,1,18,0.008650,bellman
paris,0,18,0.000150,bellman
paris,1,18,0.114950,bellman
perth,0,18,0.001140,bellman
perth,1,18,0.005450,bellman
poughkeepsie,0,18,0.001360,bellman
poughkeepsie,1,18,0.082220,bellman
prague,0,18,0.000160,bellman
prague,1,18,0.029700,bellman
quito,0,18,0.001530,bellman
quito,1,18,0.034530,bellman
rochester,0,18,0.000330,bellman
rochester,1,18,0.356210,bellman
rome,0,18,0.001370,bellman
rome,1,18,0.002690,bellman
santiago,0,18,0.000280,bellman
santiago,1,18,0.000970,bellman
singapore,0,18,0.000880,bellman
singapore,1,18,0.021990,bellman
sydney,0,18,0.000260,bellman
sydney,1,18,0.038800,bellman
torino,0,18,0.000080,bellman
torino,1,18,0.596100,bellman
toronto,0,18,0.000190,bellman
toronto,1,18,0.184880,bellman
valencia,0,18,0.001630,bellman
valencia,1,18,0.008550,bellman
vigo,0,18,0.000640,bellman
vigo,1,18,0.016120,bellman
washington,0,18,0.000020,bellman
washington,1,18,0.245400,bellman
yorktown,0,18,0.002280,bellman
yorktown,1,18,0.206930,bellman
perfect_hardware,0,18,0.000000,bellman
algiers,0,19,0.000000,bellman
algiers,1,19,0.001600,bellman
almaden,0,19,0.000040,bellman
almaden,1,19,0.081280,bellman
athens,0,19,0.000010,bellman
athens,1,19,0.000140,bellman
auckland,0,19,0.000000,bellman
auckland,1,19,0.000070,bellman
belem,0,19,0.000090,bellman
belem,1,19,0.000670,bellman
boeblingen,0,19,0.000030,bellman
boeblingen,1,19,0.052720,bellman
bogota,0,19,0.000190,bellman
bogota,1,19,0.001710,bellman
brisbane,0,19,0.000000,bellman
brisbane,1,19,0.121230,bellman
brooklyn,0,19,0.000020,bellman
brooklyn,1,19,0.006080,bellman
burlington,0,19,0.000150,bellman
burlington,1,19,0.001100,bellman
cairo,0,19,0.000000,bellman
cairo,1,19,0.027120,bellman
cambridge,0,19,0.000060,bellman
cambridge,1,19,0.300610,bellman
casablanca,0,19,0.000040,bellman
casablanca,1,19,0.000340,bellman
cusco,0,19,0.000000,bellman
cusco,1,19,0.503660,bellman
essex,0,19,0.000310,bellman
essex,1,19,0.001670,bellman
fez,0,19,0.000000,bellman
fez,1,19,0.010110,bellman
geneva,0,19,0.000030,bellman
geneva,1,19,0.022660,bellman
guadalupe,0,19,0.000010,bellman
guadalupe,1,19,0.002040,bellman
hanoi,0,19,0.000000,bellman
hanoi,1,19,0.005270,bellman
jakarta,0,19,0.000040,bellman
jakarta,1,19,0.001580,bellman
johannesburg,0,19,0.000070,bellman
johannesburg,1,19,0.039330,bellman
kawasaki,0,19,0.000000,bellman
kawasaki,1,19,0.201190,bellman
kolkata,0,19,0.000000,bellman
kolkata,1,19,0.000990,bellman
kyiv,0,19,0.000000,bellman
kyiv,1,19,0.494050,bellman
kyoto,0,19,0.000000,bellman
kyoto,1,19,0.353490,bellman
lagos,0,19,0.000050,bellman
lagos,1,19,0.432370,bellman
lima,0,19,0.000050,bellman
lima,1,19,0.001770,bellman
london,0,19,0.000050,bellman
london,1,19,0.034640,bellman
makarresh,0,19,0.000000,bellman
makarresh,1,19,0.451480,bellman
melbourne,0,19,0.000190,bellman
melbourne,1,19,0.048390,bellman
manhattan,0,19,0.000000,bellman
manhattan,1,19,0.323940,bellman
manila,0,19,0.000030,bellman
manila,1,19,0.007770,bellman
montreal,0,19,0.000000,bellman
montreal,1,19,0.007800,bellman
mumbai,0,19,0.000020,bellman
mumbai,1,19,0.008870,bellman
nairobi,0,19,0.000070,bellman
nairobi,1,19,0.001800,bellman
osaka,0,19,0.000000,bellman
osaka,1,19,0.389410,bellman
oslo,0,19,0.000010,bellman
oslo,1,19,0.000250,bellman
ourense,0,19,0.000040,bellman
ourense,1,19,0.001510,bellman
paris,0,19,0.000000,bellman
paris,1,19,0.066870,bellman
perth,0,19,0.000080,bellman
perth,1,19,0.000770,bellman
poughkeepsie,0,19,0.000110,bellman
poughkeepsie,1,19,0.041400,bellman
prague,0,19,0.000000,bellman
prague,1,19,0.009350,bellman
quito,0,19,0.000140,bellman
quito,1,19,0.011680,bellman
rochester,0,19,0.000020,bellman
rochester,1,19,0.322430,bellman
rome,0,19,0.000100,bellman
rome,1,19,0.000270,bellman
santiago,0,19,0.000010,bellman
santiago,1,19,0.000060,bellman
singapore,0,19,0.000050,bellman
singapore,1,19,0.006010,bellman
sydney,0,19,0.000010,bellman
sydney,1,19,0.013830,bellman
torino,0,19,0.000000,bellman
torino,1,19,0.619590,bellman
toronto,0,19,0.000010,bellman
toronto,1,19,0.131210,bellman
valencia,0,19,0.000130,bellman
valencia,1,19,0.001490,bellman
vigo,0,19,0.000030,bellman
vigo,1,19,0.003800,bellman
washington,0,19,0.000000,bellman
washington,1,19,0.194590,bellman
yorktown,0,19,0.000210,bellman
yorktown,1,19,0.153590,bellman
perfect_hardware,0,19,0.000000,bellman
algiers,0,20,1.000000,bellman
algiers,1,20,0.998380,bellman
almaden,0,20,0.999950,bellman
almaden,1,20,0.918570,bellman
athens,0,20,0.999990,bellman
athens,1,20,0.999850,bellman
auckland,0,20,1.000000,bellman
auckland,1,20,0.999920,bellman
belem,0,20,0.999910,bellman
belem,1,20,0.999320,bellman
boeblingen,0,20,0.999970,bellman
boeblingen,1,20,0.947230,bellman
bogota,0,20,0.999800,bellman
bogota,1,20,0.998270,bellman
brisbane,0,20,1.000000,bellman
brisbane,1,20,0.875120,bellman
brooklyn,0,20,0.999980,bellman
brooklyn,1,20,0.993780,bellman
burlington,0,20,0.999840,bellman
burlington,1,20,0.998880,bellman
cairo,0,20,1.000000,bellman
cairo,1,20,0.972650,bellman
cambridge,0,20,0.999940,bellman
cambridge,1,20,0.699350,bellman
casablanca,0,20,0.999960,bellman
casablanca,1,20,0.999650,bellman
cusco,0,20,0.999990,bellman
cusco,1,20,0.496340,bellman
essex,0,20,0.999670,bellman
essex,1,20,0.998290,bellman
fez,0,20,1.000000,bellman
fez,1,20,0.989880,bellman
geneva,0,20,0.999960,bellman
geneva,1,20,0.977330,bellman
guadalupe,0,20,0.999990,bellman
guadalupe,1,20,0.997950,bellman
hanoi,0,20,1.000000,bellman
hanoi,1,20,0.994720,bellman
jakarta,0,20,0.999960,bellman
jakarta,1,20,0.998410,bellman
johannesburg,0,20,0.999910,bellman
johannesburg,1,20,0.960620,bellman
kawasaki,0,20,1.000000,bellman
kawasaki,1,20,0.798800,bellman
kolkata,0,20,1.000000,bellman
kolkata,1,20,0.998980,bellman
kyiv,0,20,1.000000,bellman
kyiv,1,20,0.505950,bellman
kyoto,0,20,1.000000,bellman
kyoto,1,20,0.646500,bellman
lagos,0,20,0.999950,bellman
lagos,1,20,0.567630,bellman
lima,0,20,0.999950,bellman
lima,1,20,0.998220,bellman
london,0,20,0.999940,bellman
london,1,20,0.965330,bellman
makarresh,0,20,1.000000,bellman
makarresh,1,20,0.548480,bellman
melbourne,0,20,0.999810,bellman
melbourne,1,20,0.951550,bellman
manhattan,0,20,1.000000,bellman
manhattan,1,20,0.676050,bellman
manila,0,20,0.999970,bellman
manila,1,20,0.992210,bellman
montreal,0,20,1.000000,bellman
montreal,1,20,0.992190,bellman
mumbai,0,20,0.999980,bellman
mumbai,1,20,0.991130,bellman
nairobi,0,20,0.999930,bellman
nairobi,1,20,0.998190,bellman
osaka,0,20,1.000000,bellman
osaka,1,20,0.610250,bellman
oslo,0,20,0.999990,bellman
oslo,1,20,0.999750,bellman
ourense,0,20,0.999960,bellman
ourense,1,20,0.998480,bellman
paris,0,20,0.999990,bellman
paris,1,20,0.933120,bellman
perth,0,20,0.999920,bellman
perth,1,20,0.999230,bellman
poughkeepsie,0,20,0.999880,bellman
poughkeepsie,1,20,0.958120,bellman
prague,0,20,1.000000,bellman
prague,1,20,0.990630,bellman
quito,0,20,0.999840,bellman
quito,1,20,0.988270,bellman
rochester,0,20,0.999970,bellman
rochester,1,20,0.677500,bellman
rome,0,20,0.999900,bellman
rome,1,20,0.999730,bellman
santiago,0,20,0.999990,bellman
santiago,1,20,0.999940,bellman
singapore,0,20,0.999940,bellman
singapore,1,20,0.993970,bellman
sydney,0,20,0.999990,bellman
sydney,1,20,0.986160,bellman
torino,0,20,1.000000,bellman
torino,1,20,0.380550,bellman
toronto,0,20,0.999990,bellman
toronto,1,20,0.868760,bellman
valencia,0,20,0.999870,bellman
valencia,1,20,0.998500,bellman
vigo,0,20,0.999960,bellman
vigo,1,20,0.996190,bellman
washington,0,20,1.000000,bellman
washington,1,20,0.805400,bellman
yorktown,0,20,0.999780,bellman
yorktown,1,20,0.846330,bellman
perfect_hardware,0,20,1.000000,bellman
algiers,0,21,0.995090,bellman
algiers,1,21,0.944180,bellman
almaden,0,21,0.984570,bellman
almaden,1,21,0.771980,bellman
athens,0,21,0.989720,bellman
athens,1,21,0.975550,bellman
auckland,0,21,0.994370,bellman
auckland,1,21,0.980590,bellman
belem,0,21,0.979240,bellman
belem,1,21,0.958490,bellman
boeblingen,0,21,0.986560,bellman
boeblingen,1,21,0.806800,bellman
bogota,0,21,0.972810,bellman
bogota,1,21,0.942950,bellman
brisbane,0,21,0.994270,bellman
brisbane,1,21,0.723790,bellman
brooklyn,0,21,0.987360,bellman
brooklyn,1,21,0.911100,bellman
burlington,0,21,0.975200,bellman
burlington,1,21,0.950970,bellman
cairo,0,21,0.994770,bellman
cairo,1,21,0.848320,bellman
cambridge,0,21,0.982560,bellman
cambridge,1,21,0.609710,bellman
casablanca,0,21,0.985160,bellman
casablanca,1,21,0.967180,bellman
cusco,0,21,0.992580,bellman
cusco,1,21,0.498050,bellman
essex,0,21,0.968560,bellman
essex,1,21,0.943380,bellman
fez,0,21,0.998430,bellman
fez,1,21,0.893930,bellman
geneva,0,21,0.985860,bellman
geneva,1,21,0.858470,bellman
guadalupe,0,21,0.989280,bellman
guadalupe,1,21,0.939320,bellman
hanoi,0,21,0.994410,bellman
hanoi,1,21,0.915620,bellman
jakarta,0,21,0.983860,bellman
jakarta,1,21,0.944380,bellman
johannesburg,0,21,0.981570,bellman
johannesburg,1,21,0.826740,bellman
kawasaki,0,21,0.996420,bellman
kawasaki,1,21,0.672570,bellman
kolkata,0,21,0.995030,bellman
kolkata,1,21,0.952840,bellman
kyiv,0,21,0.998170,bellman
kyiv,1,21,0.503170,bellman
kyoto,0,21,0.995630,bellman
kyoto,1,21,0.579450,bellman
lagos,0,21,0.983160,bellman
lagos,1,21,0.536190,bellman
lima,0,21,0.983310,bellman
lima,1,21,0.942200,bellman
london,0,21,0.982920,bellman
london,1,21,0.834740,bellman
makarresh,0,21,0.997020,bellman
makarresh,1,21,0.525800,bellman
melbourne,0,21,0.973300,bellman
melbourne,1,21,0.812880,bellman
manhattan,0,21,0.993540,bellman
manhattan,1,21,0.596220,bellman
manila,0,21,0.985500,bellman
manila,1,21,0.903300,bellman
montreal,0,21,0.992820,bellman
montreal,1,21,0.903210,bellman
mumbai,0,21,0.986890,bellman
mumbai,1,21,0.898730,bellman
nairobi,0,21,0.981440,bellman
nairobi,1,21,0.941820,bellman
osaka,0,21,0.996330,bellman
osaka,1,21,0.558470,bellman
oslo,0,21,0.992170,bellman
oslo,1,21,0.970480,bellman
ourense,0,21,0.984650,bellman
ourense,1,21,0.945230,bellman
paris,0,21,0.992940,bellman
paris,1,21,0.788780,bellman
perth,0,21,0.980310,bellman
perth,1,21,0.956660,bellman
poughkeepsie,0,21,0.978310,bellman
poughkeepsie,1,21,0.822210,bellman
prague,0,21,0.992660,bellman
prague,1,21,0.896790,bellman
quito,0,21,0.976890,bellman
quito,1,21,0.888280,bellman
rochester,0,21,0.989210,bellman
rochester,1,21,0.596880,bellman
rome,0,21,0.978450,bellman
rome,1,21,0.969690,bellman
santiago,0,21,0.990310,bellman
santiago,1,21,0.981880,bellman
singapore,0,21,0.982680,bellman
singapore,1,21,0.911640,bellman
sydney,0,21,0.990600,bellman
sydney,1,21,0.881460,bellman
torino,0,21,0.994640,bellman
torino,1,21,0.435950,bellman
toronto,0,21,0.992070,bellman
toronto,1,21,0.725250,bellman
valencia,0,21,0.976450,bellman
valencia,1,21,0.945530,bellman
vigo,0,21,0.985210,bellman
vigo,1,21,0.924720,bellman
washington,0,21,0.997070,bellman
washington,1,21,0.677120,bellman
yorktown,0,21,0.972110,bellman
yorktown,1,21,0.707030,bellman
perfect_hardware,0,21,1.000000,bellman
algiers,0,22,0.995090,bellman
algiers,1,22,0.944180,bellman
almaden,0,22,0.984570,bellman
almaden,1,22,0.771980,bellman
athens,0,22,0.989720,bellman
athens,1,22,0.975550,bellman
auckland,0,22,0.994370,bellman
auckland,1,22,0.980590,bellman
belem,0,22,0.979240,bellman
belem,1,22,0.958490,bellman
boeblingen,0,22,0.986560,bellman
boeblingen,1,22,0.806800,bellman
bogota,0,22,0.972810,bellman
bogota,1,22,0.942950,bellman
brisbane,0,22,0.994270,bellman
brisbane,1,22,0.723790,bellman
brooklyn,0,22,0.987360,bellman
brooklyn,1,22,0.911100,bellman
burlington,0,22,0.975200,bellman
burlington,1,22,0.950970,bellman
cairo,0,22,0.994770,bellman
cairo,1,22,0.848320,bellman
cambridge,0,22,0.982560,bellman
cambridge,1,22,0.609710,bellman
casablanca,0,22,0.985160,bellman
casablanca,1,22,0.967180,bellman
cusco,0,22,0.992580,bellman
cusco,1,22,0.498050,bellman
essex,0,22,0.968560,bellman
essex,1,22,0.943380,bellman
fez,0,22,0.998430,bellman
fez,1,22,0.893930,bellman
geneva,0,22,0.985860,bellman
geneva,1,22,0.858470,bellman
guadalupe,0,22,0.989280,bellman
guadalupe,1,22,0.939320,bellman
hanoi,0,22,0.994410,bellman
hanoi,1,22,0.915620,bellman
jakarta,0,22,0.983860,bellman
jakarta,1,22,0.944380,bellman
johannesburg,0,22,0.981570,bellman
johannesburg,1,22,0.826740,bellman
kawasaki,0,22,0.996420,bellman
kawasaki,1,22,0.672570,bellman
kolkata,0,22,0.995030,bellman
kolkata,1,22,0.952840,bellman
kyiv,0,22,0.998170,bellman
kyiv,1,22,0.503170,bellman
kyoto,0,22,0.995630,bellman
kyoto,1,22,0.579450,bellman
lagos,0,22,0.983160,bellman
lagos,1,22,0.536190,bellman
lima,0,22,0.983310,bellman
lima,1,22,0.942200,bellman
london,0,22,0.982920,bellman
london,1,22,0.834740,bellman
makarresh,0,22,0.997020,bellman
makarresh,1,22,0.525800,bellman
melbourne,0,22,0.973300,bellman
melbourne,1,22,0.812880,bellman
manhattan,0,22,0.993540,bellman
manhattan,1,22,0.596220,bellman
manila,0,22,0.985500,bellman
manila,1,22,0.903300,bellman
montreal,0,22,0.992820,bellman
montreal,1,22,0.903210,bellman
mumbai,0,22,0.986890,bellman
mumbai,1,22,0.898730,bellman
nairobi,0,22,0.981440,bellman
nairobi,1,22,0.941820,bellman
osaka,0,22,0.996330,bellman
osaka,1,22,0.558470,bellman
oslo,0,22,0.992170,bellman
oslo,1,22,0.970480,bellman
ourense,0,22,0.984650,bellman
ourense,1,22,0.945230,bellman
paris,0,22,0.992940,bellman
paris,1,22,0.788780,bellman
perth,0,22,0.980310,bellman
perth,1,22,0.956660,bellman
poughkeepsie,0,22,0.978310,bellman
poughkeepsie,1,22,0.822210,bellman
prague,0,22,0.992660,bellman
prague,1,22,0.896790,bellman
quito,0,22,0.976890,bellman
quito,1,22,0.888280,bellman
rochester,0,22,0.989210,bellman
rochester,1,22,0.596880,bellman
rome,0,22,0.978450,bellman
rome,1,22,0.969690,bellman
santiago,0,22,0.990310,bellman
santiago,1,22,0.981880,bellman
singapore,0,22,0.982680,bellman
singapore,1,22,0.911640,bellman
sydney,0,22,0.990600,bellman
sydney,1,22,0.881460,bellman
torino,0,22,0.994640,bellman
torino,1,22,0.435950,bellman
toronto,0,22,0.992070,bellman
toronto,1,22,0.725250,bellman
valencia,0,22,0.976450,bellman
valencia,1,22,0.945530,bellman
vigo,0,22,0.985210,bellman
vigo,1,22,0.924720,bellman
washington,0,22,0.997070,bellman
washington,1,22,0.677120,bellman
yorktown,0,22,0.972110,bellman
yorktown,1,22,0.707030,bellman
perfect_hardware,0,22,1.000000,bellman
algiers,0,23,0.995090,bellman
algiers,1,23,0.944180,bellman
almaden,0,23,0.984570,bellman
almaden,1,23,0.771980,bellman
athens,0,23,0.989720,bellman
athens,1,23,0.975550,bellman
auckland,0,23,0.994370,bellman
auckland,1,23,0.980590,bellman
belem,0,23,0.979240,bellman
belem,1,23,0.958490,bellman
boeblingen,0,23,0.986560,bellman
boeblingen,1,23,0.806800,bellman
bogota,0,23,0.972810,bellman
bogota,1,23,0.942950,bellman
brisbane,0,23,0.994270,bellman
brisbane,1,23,0.723790,bellman
brooklyn,0,23,0.987360,bellman
brooklyn,1,23,0.911100,bellman
burlington,0,23,0.975200,bellman
burlington,1,23,0.950970,bellman
cairo,0,23,0.994770,bellman
cairo,1,23,0.848320,bellman
cambridge,0,23,0.982560,bellman
cambridge,1,23,0.609710,bellman
casablanca,0,23,0.985160,bellman
casablanca,1,23,0.967180,bellman
cusco,0,23,0.992580,bellman
cusco,1,23,0.498050,bellman
essex,0,23,0.968560,bellman
essex,1,23,0.943380,bellman
fez,0,23,0.998430,bellman
fez,1,23,0.893930,bellman
geneva,0,23,0.985860,bellman
geneva,1,23,0.858470,bellman
guadalupe,0,23,0.989280,bellman
guadalupe,1,23,0.939320,bellman
hanoi,0,23,0.994410,bellman
hanoi,1,23,0.915620,bellman
jakarta,0,23,0.983860,bellman
jakarta,1,23,0.944380,bellman
johannesburg,0,23,0.981570,bellman
johannesburg,1,23,0.826740,bellman
kawasaki,0,23,0.996420,bellman
kawasaki,1,23,0.672570,bellman
kolkata,0,23,0.995030,bellman
kolkata,1,23,0.952840,bellman
kyiv,0,23,0.998170,bellman
kyiv,1,23,0.503170,bellman
kyoto,0,23,0.995630,bellman
kyoto,1,23,0.579450,bellman
lagos,0,23,0.983160,bellman
lagos,1,23,0.536190,bellman
lima,0,23,0.983310,bellman
lima,1,23,0.942200,bellman
london,0,23,0.982920,bellman
london,1,23,0.834740,bellman
makarresh,0,23,0.997020,bellman
makarresh,1,23,0.525800,bellman
melbourne,0,23,0.973300,bellman
melbourne,1,23,0.812880,bellman
manhattan,0,23,0.993540,bellman
manhattan,1,23,0.596220,bellman
manila,0,23,0.985500,bellman
manila,1,23,0.903300,bellman
montreal,0,23,0.992820,bellman
montreal,1,23,0.903210,bellman
mumbai,0,23,0.986890,bellman
mumbai,1,23,0.898730,bellman
nairobi,0,23,0.981440,bellman
nairobi,1,23,0.941820,bellman
osaka,0,23,0.996330,bellman
osaka,1,23,0.558470,bellman
oslo,0,23,0.992170,bellman
oslo,1,23,0.970480,bellman
ourense,0,23,0.984650,bellman
ourense,1,23,0.945230,bellman
paris,0,23,0.992940,bellman
paris,1,23,0.788780,bellman
perth,0,23,0.980310,bellman
perth,1,23,0.956660,bellman
poughkeepsie,0,23,0.978310,bellman
poughkeepsie,1,23,0.822210,bellman
prague,0,23,0.992660,bellman
prague,1,23,0.896790,bellman
quito,0,23,0.976890,bellman
quito,1,23,0.888280,bellman
rochester,0,23,0.989210,bellman
rochester,1,23,0.596880,bellman
rome,0,23,0.978450,bellman
rome,1,23,0.969690,bellman
santiago,0,23,0.990310,bellman
santiago,1,23,0.981880,bellman
singapore,0,23,0.982680,bellman
singapore,1,23,0.911640,bellman
sydney,0,23,0.990600,bellman
sydney,1,23,0.881460,bellman
torino,0,23,0.994640,bellman
torino,1,23,0.435950,bellman
toronto,0,23,0.992070,bellman
toronto,1,23,0.725250,bellman
valencia,0,23,0.976450,bellman
valencia,1,23,0.945530,bellman
vigo,0,23,0.985210,bellman
vigo,1,23,0.924720,bellman
washington,0,23,0.997070,bellman
washington,1,23,0.677120,bellman
yorktown,0,23,0.972110,bellman
yorktown,1,23,0.707030,bellman
perfect_hardware,0,23,1.000000,bellman
algiers,0,24,0.995090,bellman
algiers,1,24,0.944180,bellman
almaden,0,24,0.984570,bellman
almaden,1,24,0.771980,bellman
athens,0,24,0.989720,bellman
athens,1,24,0.975550,bellman
auckland,0,24,0.994370,bellman
auckland,1,24,0.980590,bellman
belem,0,24,0.979240,bellman
belem,1,24,0.958490,bellman
boeblingen,0,24,0.986560,bellman
boeblingen,1,24,0.806800,bellman
bogota,0,24,0.972810,bellman
bogota,1,24,0.942950,bellman
brisbane,0,24,0.994270,bellman
brisbane,1,24,0.723790,bellman
brooklyn,0,24,0.987360,bellman
brooklyn,1,24,0.911100,bellman
burlington,0,24,0.975200,bellman
burlington,1,24,0.950970,bellman
cairo,0,24,0.994770,bellman
cairo,1,24,0.848320,bellman
cambridge,0,24,0.982560,bellman
cambridge,1,24,0.609710,bellman
casablanca,0,24,0.985160,bellman
casablanca,1,24,0.967180,bellman
cusco,0,24,0.992580,bellman
cusco,1,24,0.498050,bellman
essex,0,24,0.968560,bellman
essex,1,24,0.943380,bellman
fez,0,24,0.998430,bellman
fez,1,24,0.893930,bellman
geneva,0,24,0.985860,bellman
geneva,1,24,0.858470,bellman
guadalupe,0,24,0.989280,bellman
guadalupe,1,24,0.939320,bellman
hanoi,0,24,0.994410,bellman
hanoi,1,24,0.915620,bellman
jakarta,0,24,0.983860,bellman
jakarta,1,24,0.944380,bellman
johannesburg,0,24,0.981570,bellman
johannesburg,1,24,0.826740,bellman
kawasaki,0,24,0.996420,bellman
kawasaki,1,24,0.672570,bellman
kolkata,0,24,0.995030,bellman
kolkata,1,24,0.952840,bellman
kyiv,0,24,0.998170,bellman
kyiv,1,24,0.503170,bellman
kyoto,0,24,0.995630,bellman
kyoto,1,24,0.579450,bellman
lagos,0,24,0.983160,bellman
lagos,1,24,0.536190,bellman
lima,0,24,0.983310,bellman
lima,1,24,0.942200,bellman
london,0,24,0.982920,bellman
london,1,24,0.834740,bellman
makarresh,0,24,0.997020,bellman
makarresh,1,24,0.525800,bellman
melbourne,0,24,0.973300,bellman
melbourne,1,24,0.812880,bellman
manhattan,0,24,0.993540,bellman
manhattan,1,24,0.596220,bellman
manila,0,24,0.985500,bellman
manila,1,24,0.903300,bellman
montreal,0,24,0.992820,bellman
montreal,1,24,0.903210,bellman
mumbai,0,24,0.986890,bellman
mumbai,1,24,0.898730,bellman
nairobi,0,24,0.981440,bellman
nairobi,1,24,0.941820,bellman
osaka,0,24,0.996330,bellman
osaka,1,24,0.558470,bellman
oslo,0,24,0.992170,bellman
oslo,1,24,0.970480,bellman
ourense,0,24,0.984650,bellman
ourense,1,24,0.945230,bellman
paris,0,24,0.992940,bellman
paris,1,24,0.788780,bellman
perth,0,24,0.980310,bellman
perth,1,24,0.956660,bellman
poughkeepsie,0,24,0.978310,bellman
poughkeepsie,1,24,0.822210,bellman
prague,0,24,0.992660,bellman
prague,1,24,0.896790,bellman
quito,0,24,0.976890,bellman
quito,1,24,0.888280,bellman
rochester,0,24,0.989210,bellman
rochester,1,24,0.596880,bellman
rome,0,24,0.978450,bellman
rome,1,24,0.969690,bellman
santiago,0,24,0.990310,bellman
santiago,1,24,0.981880,bellman
singapore,0,24,0.982680,bellman
singapore,1,24,0.911640,bellman
sydney,0,24,0.990600,bellman
sydney,1,24,0.881460,bellman
torino,0,24,0.994640,bellman
torino,1,24,0.435950,bellman
toronto,0,24,0.992070,bellman
toronto,1,24,0.725250,bellman
valencia,0,24,0.976450,bellman
valencia,1,24,0.945530,bellman
vigo,0,24,0.985210,bellman
vigo,1,24,0.924720,bellman
washington,0,24,0.997070,bellman
washington,1,24,0.677120,bellman
yorktown,0,24,0.972110,bellman
yorktown,1,24,0.707030,bellman
perfect_hardware,0,24,1.000000,bellman
algiers,0,25,0.995090,bellman
algiers,1,25,0.944180,bellman
almaden,0,25,0.984560,bellman
almaden,1,25,0.771980,bellman
athens,0,25,0.989720,bellman
athens,1,25,0.975550,bellman
auckland,0,25,0.994370,bellman
auckland,1,25,0.980590,bellman
belem,0,25,0.979240,bellman
belem,1,25,0.958490,bellman
boeblingen,0,25,0.986560,bellman
boeblingen,1,25,0.806800,bellman
bogota,0,25,0.972810,bellman
bogota,1,25,0.942950,bellman
brisbane,0,25,0.994270,bellman
brisbane,1,25,0.723790,bellman
brooklyn,0,25,0.987360,bellman
brooklyn,1,25,0.911100,bellman
burlington,0,25,0.975200,bellman
burlington,1,25,0.950970,bellman
cairo,0,25,0.994770,bellman
cairo,1,25,0.848320,bellman
cambridge,0,25,0.982560,bellman
cambridge,1,25,0.609710,bellman
casablanca,0,25,0.985160,bellman
casablanca,1,25,0.967180,bellman
cusco,0,25,0.992580,bellman
cusco,1,25,0.498050,bellman
essex,0,25,0.968560,bellman
essex,1,25,0.943380,bellman
fez,0,25,0.998430,bellman
fez,1,25,0.893930,bellman
geneva,0,25,0.985860,bellman
geneva,1,25,0.858470,bellman
guadalupe,0,25,0.989280,bellman
guadalupe,1,25,0.939320,bellman
hanoi,0,25,0.994410,bellman
hanoi,1,25,0.915620,bellman
jakarta,0,25,0.983860,bellman
jakarta,1,25,0.944380,bellman
johannesburg,0,25,0.981570,bellman
johannesburg,1,25,0.826740,bellman
kawasaki,0,25,0.996420,bellman
kawasaki,1,25,0.672570,bellman
kolkata,0,25,0.995030,bellman
kolkata,1,25,0.952840,bellman
kyiv,0,25,0.998170,bellman
kyiv,1,25,0.503170,bellman
kyoto,0,25,0.995630,bellman
kyoto,1,25,0.579450,bellman
lagos,0,25,0.983160,bellman
lagos,1,25,0.536190,bellman
lima,0,25,0.983310,bellman
lima,1,25,0.942200,bellman
london,0,25,0.982920,bellman
london,1,25,0.834740,bellman
makarresh,0,25,0.997020,bellman
makarresh,1,25,0.525800,bellman
melbourne,0,25,0.973300,bellman
melbourne,1,25,0.812880,bellman
manhattan,0,25,0.993540,bellman
manhattan,1,25,0.596220,bellman
manila,0,25,0.985500,bellman
manila,1,25,0.903300,bellman
montreal,0,25,0.992820,bellman
montreal,1,25,0.903210,bellman
mumbai,0,25,0.986890,bellman
mumbai,1,25,0.898730,bellman
nairobi,0,25,0.981440,bellman
nairobi,1,25,0.941820,bellman
osaka,0,25,0.996330,bellman
osaka,1,25,0.558470,bellman
oslo,0,25,0.992170,bellman
oslo,1,25,0.970480,bellman
ourense,0,25,0.984650,bellman
ourense,1,25,0.945220,bellman
paris,0,25,0.992940,bellman
paris,1,25,0.788780,bellman
perth,0,25,0.980310,bellman
perth,1,25,0.956660,bellman
poughkeepsie,0,25,0.978310,bellman
poughkeepsie,1,25,0.822210,bellman
prague,0,25,0.992660,bellman
prague,1,25,0.896790,bellman
quito,0,25,0.976890,bellman
quito,1,25,0.888280,bellman
rochester,0,25,0.989210,bellman
rochester,1,25,0.596880,bellman
rome,0,25,0.978450,bellman
rome,1,25,0.969690,bellman
santiago,0,25,0.990310,bellman
santiago,1,25,0.981880,bellman
singapore,0,25,0.982680,bellman
singapore,1,25,0.911640,bellman
sydney,0,25,0.990600,bellman
sydney,1,25,0.881460,bellman
torino,0,25,0.994640,bellman
torino,1,25,0.435950,bellman
toronto,0,25,0.992070,bellman
toronto,1,25,0.725250,bellman
valencia,0,25,0.976450,bellman
valencia,1,25,0.945530,bellman
vigo,0,25,0.985210,bellman
vigo,1,25,0.924720,bellman
washington,0,25,0.997070,bellman
washington,1,25,0.677120,bellman
yorktown,0,25,0.972110,bellman
yorktown,1,25,0.707030,bellman
perfect_hardware,0,25,1.000000,bellman
algiers,0,26,0.995090,bellman
algiers,1,26,0.944180,bellman
almaden,0,26,0.984560,bellman
almaden,1,26,0.771980,bellman
athens,0,26,0.989720,bellman
athens,1,26,0.975550,bellman
auckland,0,26,0.994370,bellman
auckland,1,26,0.980590,bellman
belem,0,26,0.979240,bellman
belem,1,26,0.958490,bellman
boeblingen,0,26,0.986560,bellman
boeblingen,1,26,0.806800,bellman
bogota,0,26,0.972810,bellman
bogota,1,26,0.942950,bellman
brisbane,0,26,0.994270,bellman
brisbane,1,26,0.723790,bellman
brooklyn,0,26,0.987360,bellman
brooklyn,1,26,0.911100,bellman
burlington,0,26,0.975200,bellman
burlington,1,26,0.950970,bellman
cairo,0,26,0.994770,bellman
cairo,1,26,0.848320,bellman
cambridge,0,26,0.982560,bellman
cambridge,1,26,0.609700,bellman
casablanca,0,26,0.985160,bellman
casablanca,1,26,0.967180,bellman
cusco,0,26,0.992580,bellman
cusco,1,26,0.498050,bellman
essex,0,26,0.968560,bellman
essex,1,26,0.943380,bellman
fez,0,26,0.998430,bellman
fez,1,26,0.893930,bellman
geneva,0,26,0.985860,bellman
geneva,1,26,0.858470,bellman
guadalupe,0,26,0.989280,bellman
guadalupe,1,26,0.939320,bellman
hanoi,0,26,0.994410,bellman
hanoi,1,26,0.915620,bellman
jakarta,0,26,0.983860,bellman
jakarta,1,26,0.944380,bellman
johannesburg,0,26,0.981570,bellman
johannesburg,1,26,0.826740,bellman
kawasaki,0,26,0.996420,bellman
kawasaki,1,26,0.672570,bellman
kolkata,0,26,0.995030,bellman
kolkata,1,26,0.952840,bellman
kyiv,0,26,0.998170,bellman
kyiv,1,26,0.503170,bellman
kyoto,0,26,0.995630,bellman
kyoto,1,26,0.579450,bellman
lagos,0,26,0.983160,bellman
lagos,1,26,0.536190,bellman
lima,0,26,0.983310,bellman
lima,1,26,0.942200,bellman
london,0,26,0.982920,bellman
london,1,26,0.834740,bellman
makarresh,0,26,0.997020,bellman
makarresh,1,26,0.525800,bellman
melbourne,0,26,0.973300,bellman
melbourne,1,26,0.812880,bellman
manhattan,0,26,0.993540,bellman
manhattan,1,26,0.596220,bellman
manila,0,26,0.985500,bellman
manila,1,26,0.903300,bellman
montreal,0,26,0.992820,bellman
montreal,1,26,0.903210,bellman
mumbai,0,26,0.986890,bellman
mumbai,1,26,0.898730,bellman
nairobi,0,26,0.981440,bellman
nairobi,1,26,0.941820,bellman
osaka,0,26,0.996330,bellman
osaka,1,26,0.558470,bellman
oslo,0,26,0.992170,bellman
oslo,1,26,0.970480,bellman
ourense,0,26,0.984650,bellman
ourense,1,26,0.945220,bellman
paris,0,26,0.992940,bellman
paris,1,26,0.788780,bellman
perth,0,26,0.980310,bellman
perth,1,26,0.956660,bellman
poughkeepsie,0,26,0.978310,bellman
poughkeepsie,1,26,0.822210,bellman
prague,0,26,0.992660,bellman
prague,1,26,0.896790,bellman
quito,0,26,0.976890,bellman
quito,1,26,0.888280,bellman
rochester,0,26,0.989210,bellman
rochester,1,26,0.596880,bellman
rome,0,26,0.978450,bellman
rome,1,26,0.969690,bellman
santiago,0,26,0.990310,bellman
santiago,1,26,0.981880,bellman
singapore,0,26,0.982680,bellman
singapore,1,26,0.911640,bellman
sydney,0,26,0.990600,bellman
sydney,1,26,0.881460,bellman
torino,0,26,0.994640,bellman
torino,1,26,0.435950,bellman
toronto,0,26,0.992070,bellman
toronto,1,26,0.725250,bellman
valencia,0,26,0.976450,bellman
valencia,1,26,0.945530,bellman
vigo,0,26,0.985210,bellman
vigo,1,26,0.924720,bellman
washington,0,26,0.997070,bellman
washington,1,26,0.677120,bellman
yorktown,0,26,0.972110,bellman
yorktown,1,26,0.707030,bellman
perfect_hardware,0,26,1.000000,bellman
