benchmark,circuit,backend,seed,n_qubits,depth,n_ops,q_n_qubits,q_depth,q_n_ops
rigetti,barenco_tof_3,fake_algiers,0,5,164,214,27,79,89
rigetti,barenco_tof_3,fake_algiers,0,5,164,214,27,130,189
rigetti,barenco_tof_3,fake_algiers,0,5,164,214,27,130,189
rigetti,barenco_tof_3,fake_almaden,0,5,164,214,20,250,295
rigetti,barenco_tof_3,fake_almaden,0,5,164,214,20,65,73
rigetti,barenco_tof_3,fake_almaden,0,5,164,214,20,60,79
rigetti,barenco_tof_3,fake_almaden,0,5,164,214,20,60,79
rigetti,barenco_tof_3,fake_athens,0,5,164,214,5,84,107
rigetti,barenco_tof_3,fake_athens,0,5,164,214,5,125,200
rigetti,barenco_tof_3,fake_athens,0,5,164,214,5,125,200
rigetti,barenco_tof_3,fake_auckland,0,5,164,214,27,79,89
rigetti,barenco_tof_3,fake_auckland,0,5,164,214,27,127,185
rigetti,barenco_tof_3,fake_auckland,0,5,164,214,27,127,185
rigetti,barenco_tof_3,fake_belem,0,5,164,214,5,82,95
rigetti,barenco_tof_3,fake_belem,0,5,164,214,5,129,191
rigetti,barenco_tof_3,fake_belem,0,5,164,214,5,129,191
rigetti,barenco_tof_3,fake_boeblingen,0,5,164,214,20,250,295
rigetti,barenco_tof_3,fake_boeblingen,0,5,164,214,20,65,73
rigetti,barenco_tof_3,fake_boeblingen,0,5,164,214,20,60,79
rigetti,barenco_tof_3,fake_boeblingen,0,5,164,214,20,60,79
rigetti,barenco_tof_3,fake_bogota,0,5,164,214,5,84,107
rigetti,barenco_tof_3,fake_bogota,0,5,164,214,5,121,205
rigetti,barenco_tof_3,fake_bogota,0,5,164,214,5,121,205
rigetti,barenco_tof_3,fake_brisbane,0,5,164,214,127,156,254
rigetti,barenco_tof_3,fake_brisbane,0,5,164,214,127,155,257
rigetti,barenco_tof_3,fake_brisbane,0,5,164,214,127,155,257
rigetti,barenco_tof_3,fake_brooklyn,0,5,164,214,65,79,89
rigetti,barenco_tof_3,fake_brooklyn,0,5,164,214,65,128,181
rigetti,barenco_tof_3,fake_brooklyn,0,5,164,214,65,128,181
rigetti,barenco_tof_3,fake_burlington,0,5,164,214,5,253,295
rigetti,barenco_tof_3,fake_burlington,0,5,164,214,5,66,75
rigetti,barenco_tof_3,fake_burlington,0,5,164,214,5,62,78
rigetti,barenco_tof_3,fake_burlington,0,5,164,214,5,62,78
rigetti,barenco_tof_3,fake_cairo,0,5,164,214,27,163,262
rigetti,barenco_tof_3,fake_cairo,0,5,164,214,27,143,242
rigetti,barenco_tof_3,fake_cairo,0,5,164,214,27,143,242
rigetti,barenco_tof_3,fake_cambridge,0,5,164,214,28,250,295
rigetti,barenco_tof_3,fake_cambridge,0,5,164,214,28,66,75
rigetti,barenco_tof_3,fake_cambridge,0,5,164,214,28,62,78
rigetti,barenco_tof_3,fake_cambridge,0,5,164,214,28,62,78
rigetti,barenco_tof_3,fake_casablanca,0,5,164,214,7,82,95
rigetti,barenco_tof_3,fake_casablanca,0,5,164,214,7,126,183
rigetti,barenco_tof_3,fake_casablanca,0,5,164,214,7,126,183
rigetti,barenco_tof_3,fake_cusco,0,5,164,214,127,155,247
rigetti,barenco_tof_3,fake_cusco,0,5,164,214,127,160,260
rigetti,barenco_tof_3,fake_cusco,0,5,164,214,127,160,258
rigetti,barenco_tof_3,fake_essex,0,5,164,214,5,253,295
rigetti,barenco_tof_3,fake_essex,0,5,164,214,5,66,75
rigetti,barenco_tof_3,fake_essex,0,5,164,214,5,62,78
rigetti,barenco_tof_3,fake_essex,0,5,164,214,5,62,78
rigetti,barenco_tof_3,fake_fez,0,5,164,214,156,161,202
rigetti,barenco_tof_3,fake_fez,0,5,164,214,156,130,176
rigetti,barenco_tof_3,fake_fez,0,5,164,214,156,130,176
rigetti,barenco_tof_3,fake_fractional,0,5,164,214,5,335,391
rigetti,barenco_tof_3,fake_fractional,0,5,164,214,5,82,95
rigetti,barenco_tof_3,fake_fractional,0,5,164,214,5,102,116
rigetti,barenco_tof_3,fake_fractional,0,5,164,214,5,102,116
rigetti,barenco_tof_3,fake_geneva,0,5,164,214,27,79,89
rigetti,barenco_tof_3,fake_geneva,0,5,164,214,27,128,188
rigetti,barenco_tof_3,fake_geneva,0,5,164,214,27,128,188
rigetti,barenco_tof_3,fake_guadalupe,0,5,164,214,16,79,89
rigetti,barenco_tof_3,fake_guadalupe,0,5,164,214,16,111,172
rigetti,barenco_tof_3,fake_guadalupe,0,5,164,214,16,111,172
rigetti,barenco_tof_3,fake_hanoi,0,5,164,214,27,79,89
rigetti,barenco_tof_3,fake_hanoi,0,5,164,214,27,128,191
rigetti,barenco_tof_3,fake_hanoi,0,5,164,214,27,128,191
rigetti,barenco_tof_3,fake_jakarta,0,5,164,214,7,82,95
rigetti,barenco_tof_3,fake_jakarta,0,5,164,214,7,132,182
rigetti,barenco_tof_3,fake_jakarta,0,5,164,214,7,132,182
rigetti,barenco_tof_3,fake_johannesburg,0,5,164,214,20,250,295
rigetti,barenco_tof_3,fake_johannesburg,0,5,164,214,20,69,81
rigetti,barenco_tof_3,fake_johannesburg,0,5,164,214,20,60,79
rigetti,barenco_tof_3,fake_johannesburg,0,5,164,214,20,60,79
rigetti,barenco_tof_3,fake_kawasaki,0,5,164,214,127,155,247
rigetti,barenco_tof_3,fake_kawasaki,0,5,164,214,127,151,276
rigetti,barenco_tof_3,fake_kawasaki,0,5,164,214,127,151,276
rigetti,barenco_tof_3,fake_kolkata,0,5,164,214,27,79,89
rigetti,barenco_tof_3,fake_kolkata,0,5,164,214,27,130,185
rigetti,barenco_tof_3,fake_kolkata,0,5,164,214,27,130,185
rigetti,barenco_tof_3,fake_kyiv,0,5,164,214,127,156,254
rigetti,barenco_tof_3,fake_kyiv,0,5,164,214,127,146,257
rigetti,barenco_tof_3,fake_kyiv,0,5,164,214,127,146,257
rigetti,barenco_tof_3,fake_kyoto,0,5,164,214,127,158,255
rigetti,barenco_tof_3,fake_kyoto,0,5,164,214,127,156,254
rigetti,barenco_tof_3,fake_kyoto,0,5,164,214,127,156,254
rigetti,barenco_tof_3,fake_lagos,0,5,164,214,7,82,95
rigetti,barenco_tof_3,fake_lagos,0,5,164,214,7,130,190
rigetti,barenco_tof_3,fake_lagos,0,5,164,214,7,130,190
rigetti,barenco_tof_3,fake_lima,0,5,164,214,5,82,95
rigetti,barenco_tof_3,fake_lima,0,5,164,214,5,130,189
rigetti,barenco_tof_3,fake_lima,0,5,164,214,5,130,189
rigetti,barenco_tof_3,fake_london,0,5,164,214,5,253,295
rigetti,barenco_tof_3,fake_london,0,5,164,214,5,66,75
rigetti,barenco_tof_3,fake_london,0,5,164,214,5,62,78
rigetti,barenco_tof_3,fake_london,0,5,164,214,5,62,78
rigetti,barenco_tof_3,fake_manhattan,0,5,164,214,65,79,89
rigetti,barenco_tof_3,fake_manhattan,0,5,164,214,65,119,176
rigetti,barenco_tof_3,fake_manhattan,0,5,164,214,65,119,176
rigetti,barenco_tof_3,fake_manila,0,5,164,214,5,84,107
rigetti,barenco_tof_3,fake_manila,0,5,164,214,5,129,200
rigetti,barenco_tof_3,fake_manila,0,5,164,214,5,129,200
rigetti,barenco_tof_3,fake_melbourne,0,5,164,214,15,73,95
rigetti,barenco_tof_3,fake_melbourne,0,5,164,214,15,112,173
rigetti,barenco_tof_3,fake_melbourne,0,5,164,214,15,112,173
rigetti,barenco_tof_3,fake_marrakesh,0,5,164,214,156,161,202
rigetti,barenco_tof_3,fake_marrakesh,0,5,164,214,156,129,178
rigetti,barenco_tof_3,fake_marrakesh,0,5,164,214,156,129,178
rigetti,barenco_tof_3,fake_montreal,0,5,164,214,27,79,89
rigetti,barenco_tof_3,fake_montreal,0,5,164,214,27,130,185
rigetti,barenco_tof_3,fake_montreal,0,5,164,214,27,130,185
rigetti,barenco_tof_3,fake_mumbai,0,5,164,214,27,79,89
rigetti,barenco_tof_3,fake_mumbai,0,5,164,214,27,133,183
rigetti,barenco_tof_3,fake_mumbai,0,5,164,214,27,133,183
rigetti,barenco_tof_3,fake_nairobi,0,5,164,214,7,82,95
rigetti,barenco_tof_3,fake_nairobi,0,5,164,214,7,132,182
rigetti,barenco_tof_3,fake_nairobi,0,5,164,214,7,132,182
rigetti,barenco_tof_3,fake_nighthawk,0,5,164,214,120,130,183
rigetti,barenco_tof_3,fake_nighthawk,0,5,164,214,120,99,158
rigetti,barenco_tof_3,fake_nighthawk,0,5,164,214,120,99,158
rigetti,barenco_tof_3,fake_osaka,0,5,164,214,127,158,249
rigetti,barenco_tof_3,fake_osaka,0,5,164,214,127,151,270
rigetti,barenco_tof_3,fake_osaka,0,5,164,214,127,151,269
rigetti,barenco_tof_3,fake_oslo,0,5,164,214,7,82,95
rigetti,barenco_tof_3,fake_oslo,0,5,164,214,7,132,182
rigetti,barenco_tof_3,fake_oslo,0,5,164,214,7,132,182
rigetti,barenco_tof_3,fake_ourense,0,5,164,214,5,82,95
rigetti,barenco_tof_3,fake_ourense,0,5,164,214,5,124,193
rigetti,barenco_tof_3,fake_ourense,0,5,164,214,5,124,193
rigetti,barenco_tof_3,fake_paris,0,5,164,214,27,79,89
rigetti,barenco_tof_3,fake_paris,0,5,164,214,27,128,188
rigetti,barenco_tof_3,fake_paris,0,5,164,214,27,128,188
rigetti,barenco_tof_3,fake_peekskill,0,5,164,214,27,156,254
rigetti,barenco_tof_3,fake_peekskill,0,5,164,214,27,159,270
rigetti,barenco_tof_3,fake_peekskill,0,5,164,214,27,159,270
rigetti,barenco_tof_3,fake_perth,0,5,164,214,7,82,95
rigetti,barenco_tof_3,fake_perth,0,5,164,214,7,130,190
rigetti,barenco_tof_3,fake_perth,0,5,164,214,7,130,190
rigetti,barenco_tof_3,fake_prague,0,5,164,214,33,161,203
rigetti,barenco_tof_3,fake_prague,0,5,164,214,33,127,182
rigetti,barenco_tof_3,fake_prague,0,5,164,214,33,127,182
rigetti,barenco_tof_3,fake_poughkeepsie,0,5,164,214,20,250,295
rigetti,barenco_tof_3,fake_poughkeepsie,0,5,164,214,20,69,81
rigetti,barenco_tof_3,fake_poughkeepsie,0,5,164,214,20,60,79
rigetti,barenco_tof_3,fake_poughkeepsie,0,5,164,214,20,60,79
rigetti,barenco_tof_3,fake_quebec,0,5,164,214,127,158,262
rigetti,barenco_tof_3,fake_quebec,0,5,164,214,127,150,263
rigetti,barenco_tof_3,fake_quebec,0,5,164,214,127,150,263
rigetti,barenco_tof_3,fake_quito,0,5,164,214,5,82,95
rigetti,barenco_tof_3,fake_quito,0,5,164,214,5,134,188
rigetti,barenco_tof_3,fake_quito,0,5,164,214,5,134,188
rigetti,barenco_tof_3,fake_rochester,0,5,164,214,53,250,295
rigetti,barenco_tof_3,fake_rochester,0,5,164,214,53,65,73
rigetti,barenco_tof_3,fake_rochester,0,5,164,214,53,60,79
rigetti,barenco_tof_3,fake_rochester,0,5,164,214,53,60,79
rigetti,barenco_tof_3,fake_rome,0,5,164,214,5,84,107
rigetti,barenco_tof_3,fake_rome,0,5,164,214,5,121,203
rigetti,barenco_tof_3,fake_rome,0,5,164,214,5,121,203
rigetti,barenco_tof_3,fake_santiago,0,5,164,214,5,84,107
rigetti,barenco_tof_3,fake_santiago,0,5,164,214,5,133,199
rigetti,barenco_tof_3,fake_santiago,0,5,164,214,5,133,199
rigetti,barenco_tof_3,fake_sherbrooke,0,5,164,214,127,158,262
rigetti,barenco_tof_3,fake_sherbrooke,0,5,164,214,127,161,239
rigetti,barenco_tof_3,fake_sherbrooke,0,5,164,214,127,161,239
rigetti,barenco_tof_3,fake_singapore,0,5,164,214,20,250,295
rigetti,barenco_tof_3,fake_singapore,0,5,164,214,20,65,73
rigetti,barenco_tof_3,fake_singapore,0,5,164,214,20,60,79
rigetti,barenco_tof_3,fake_singapore,0,5,164,214,20,60,79
rigetti,barenco_tof_3,fake_sydney,0,5,164,214,27,79,89
rigetti,barenco_tof_3,fake_sydney,0,5,164,214,27,127,187
rigetti,barenco_tof_3,fake_sydney,0,5,164,214,27,127,187
rigetti,barenco_tof_3,fake_torino,0,5,164,214,133,161,203
rigetti,barenco_tof_3,fake_torino,0,5,164,214,133,127,184
rigetti,barenco_tof_3,fake_torino,0,5,164,214,133,127,184
rigetti,barenco_tof_3,fake_toronto,0,5,164,214,27,79,89
rigetti,barenco_tof_3,fake_toronto,0,5,164,214,27,130,189
rigetti,barenco_tof_3,fake_toronto,0,5,164,214,27,130,189
rigetti,barenco_tof_3,fake_valencia,0,5,164,214,5,82,95
rigetti,barenco_tof_3,fake_valencia,0,5,164,214,5,136,187
rigetti,barenco_tof_3,fake_valencia,0,5,164,214,5,136,187
rigetti,barenco_tof_3,fake_vigo,0,5,164,214,5,82,95
rigetti,barenco_tof_3,fake_vigo,0,5,164,214,5,122,190
rigetti,barenco_tof_3,fake_vigo,0,5,164,214,5,122,190
rigetti,barenco_tof_3,fake_washington,0,5,164,214,127,79,89
rigetti,barenco_tof_3,fake_washington,0,5,164,214,127,122,181
rigetti,barenco_tof_3,fake_washington,0,5,164,214,127,122,181
rigetti,barenco_tof_3,fake_yorktown,0,5,164,214,5,50,65
rigetti,barenco_tof_3,fake_yorktown,0,5,164,214,5,91,137
rigetti,barenco_tof_3,fake_yorktown,0,5,164,214,5,91,137
rigetti,mod5_4,fake_algiers,0,5,190,243,27,99,124
rigetti,mod5_4,fake_algiers,0,5,190,243,27,156,207
rigetti,mod5_4,fake_algiers,0,5,190,243,27,156,207
rigetti,mod5_4,fake_almaden,0,5,190,243,20,303,344
rigetti,mod5_4,fake_almaden,0,5,190,243,20,83,95
rigetti,mod5_4,fake_almaden,0,5,190,243,20,79,95
rigetti,mod5_4,fake_almaden,0,5,190,243,20,79,95
rigetti,mod5_4,fake_athens,0,5,190,243,5,101,129
rigetti,mod5_4,fake_athens,0,5,190,243,5,139,212
rigetti,mod5_4,fake_athens,0,5,190,243,5,139,212
rigetti,mod5_4,fake_auckland,0,5,190,243,27,99,124
rigetti,mod5_4,fake_auckland,0,5,190,243,27,143,212
rigetti,mod5_4,fake_auckland,0,5,190,243,27,143,212
rigetti,mod5_4,fake_belem,0,5,190,243,5,93,118
rigetti,mod5_4,fake_belem,0,5,190,243,5,151,204
rigetti,mod5_4,fake_belem,0,5,190,243,5,151,204
rigetti,mod5_4,fake_boeblingen,0,5,190,243,20,303,344
rigetti,mod5_4,fake_boeblingen,0,5,190,243,20,83,95
rigetti,mod5_4,fake_boeblingen,0,5,190,243,20,79,95
rigetti,mod5_4,fake_boeblingen,0,5,190,243,20,79,95
rigetti,mod5_4,fake_bogota,0,5,190,243,5,101,129
rigetti,mod5_4,fake_bogota,0,5,190,243,5,147,210
rigetti,mod5_4,fake_bogota,0,5,190,243,5,147,210
rigetti,mod5_4,fake_brisbane,0,5,190,243,127,185,302
rigetti,mod5_4,fake_brisbane,0,5,190,243,127,191,299
rigetti,mod5_4,fake_brisbane,0,5,190,243,127,191,297
rigetti,mod5_4,fake_brooklyn,0,5,190,243,65,93,118
rigetti,mod5_4,fake_brooklyn,0,5,190,243,65,144,207
rigetti,mod5_4,fake_brooklyn,0,5,190,243,65,144,207
rigetti,mod5_4,fake_burlington,0,5,190,243,5,305,335
rigetti,mod5_4,fake_burlington,0,5,190,243,5,79,90
rigetti,mod5_4,fake_burlington,0,5,190,243,5,79,93
rigetti,mod5_4,fake_burlington,0,5,190,243,5,79,93
rigetti,mod5_4,fake_cairo,0,5,190,243,27,185,283
rigetti,mod5_4,fake_cairo,0,5,190,243,27,195,299
rigetti,mod5_4,fake_cairo,0,5,190,243,27,195,299
rigetti,mod5_4,fake_cambridge,0,5,190,243,28,303,344
rigetti,mod5_4,fake_cambridge,0,5,190,243,28,83,95
rigetti,mod5_4,fake_cambridge,0,5,190,243,28,79,95
rigetti,mod5_4,fake_cambridge,0,5,190,243,28,79,95
rigetti,mod5_4,fake_casablanca,0,5,190,243,7,93,118
rigetti,mod5_4,fake_casablanca,0,5,190,243,7,141,207
rigetti,mod5_4,fake_casablanca,0,5,190,243,7,141,207
rigetti,mod5_4,fake_cusco,0,5,190,243,127,197,313
rigetti,mod5_4,fake_cusco,0,5,190,243,127,199,321
rigetti,mod5_4,fake_cusco,0,5,190,243,127,199,319
rigetti,mod5_4,fake_essex,0,5,190,243,5,305,335
rigetti,mod5_4,fake_essex,0,5,190,243,5,79,90
rigetti,mod5_4,fake_essex,0,5,190,243,5,79,93
rigetti,mod5_4,fake_essex,0,5,190,243,5,79,93
rigetti,mod5_4,fake_fez,0,5,190,243,156,180,219
rigetti,mod5_4,fake_fez,0,5,190,243,156,149,193
rigetti,mod5_4,fake_fez,0,5,190,243,156,149,193
rigetti,mod5_4,fake_fractional,0,5,190,243,5,407,447
rigetti,mod5_4,fake_fractional,0,5,190,243,5,93,118
rigetti,mod5_4,fake_fractional,0,5,190,243,5,128,151
rigetti,mod5_4,fake_fractional,0,5,190,243,5,128,151
rigetti,mod5_4,fake_geneva,0,5,190,243,27,99,124
rigetti,mod5_4,fake_geneva,0,5,190,243,27,152,208
rigetti,mod5_4,fake_geneva,0,5,190,243,27,152,208
rigetti,mod5_4,fake_guadalupe,0,5,190,243,16,99,124
rigetti,mod5_4,fake_guadalupe,0,5,190,243,16,141,207
rigetti,mod5_4,fake_guadalupe,0,5,190,243,16,141,207
rigetti,mod5_4,fake_hanoi,0,5,190,243,27,99,124
rigetti,mod5_4,fake_hanoi,0,5,190,243,27,146,211
rigetti,mod5_4,fake_hanoi,0,5,190,243,27,146,211
rigetti,mod5_4,fake_jakarta,0,5,190,243,7,93,118
rigetti,mod5_4,fake_jakarta,0,5,190,243,7,145,203
rigetti,mod5_4,fake_jakarta,0,5,190,243,7,145,203
rigetti,mod5_4,fake_johannesburg,0,5,190,243,20,303,344
rigetti,mod5_4,fake_johannesburg,0,5,190,243,20,79,90
rigetti,mod5_4,fake_johannesburg,0,5,190,243,20,79,93
rigetti,mod5_4,fake_johannesburg,0,5,190,243,20,79,93
rigetti,mod5_4,fake_kawasaki,0,5,190,243,127,197,313
rigetti,mod5_4,fake_kawasaki,0,5,190,243,127,182,317
rigetti,mod5_4,fake_kawasaki,0,5,190,243,127,182,317
rigetti,mod5_4,fake_kolkata,0,5,190,243,27,99,124
rigetti,mod5_4,fake_kolkata,0,5,190,243,27,154,205
rigetti,mod5_4,fake_kolkata,0,5,190,243,27,154,205
rigetti,mod5_4,fake_kyiv,0,5,190,243,127,201,316
rigetti,mod5_4,fake_kyiv,0,5,190,243,127,192,315
rigetti,mod5_4,fake_kyiv,0,5,190,243,127,192,315
rigetti,mod5_4,fake_kyoto,0,5,190,243,127,195,306
rigetti,mod5_4,fake_kyoto,0,5,190,243,127,197,299
rigetti,mod5_4,fake_kyoto,0,5,190,243,127,197,299
rigetti,mod5_4,fake_lagos,0,5,190,243,7,93,118
rigetti,mod5_4,fake_lagos,0,5,190,243,7,148,201
rigetti,mod5_4,fake_lagos,0,5,190,243,7,148,201
rigetti,mod5_4,fake_lima,0,5,190,243,5,93,118
rigetti,mod5_4,fake_lima,0,5,190,243,5,152,200
rigetti,mod5_4,fake_lima,0,5,190,243,5,152,200
rigetti,mod5_4,fake_london,0,5,190,243,5,305,335
rigetti,mod5_4,fake_london,0,5,190,243,5,79,90
rigetti,mod5_4,fake_london,0,5,190,243,5,79,93
rigetti,mod5_4,fake_london,0,5,190,243,5,79,93
rigetti,mod5_4,fake_manhattan,0,5,190,243,65,93,118
rigetti,mod5_4,fake_manhattan,0,5,190,243,65,145,201
rigetti,mod5_4,fake_manhattan,0,5,190,243,65,145,201
rigetti,mod5_4,fake_manila,0,5,190,243,5,101,129
rigetti,mod5_4,fake_manila,0,5,190,243,5,143,212
rigetti,mod5_4,fake_manila,0,5,190,243,5,143,212
rigetti,mod5_4,fake_melbourne,0,5,190,243,15,96,118
rigetti,mod5_4,fake_melbourne,0,5,190,243,15,149,225
rigetti,mod5_4,fake_melbourne,0,5,190,243,15,149,225
rigetti,mod5_4,fake_marrakesh,0,5,190,243,156,180,219
rigetti,mod5_4,fake_marrakesh,0,5,190,243,156,149,193
rigetti,mod5_4,fake_marrakesh,0,5,190,243,156,149,193
rigetti,mod5_4,fake_montreal,0,5,190,243,27,99,124
rigetti,mod5_4,fake_montreal,0,5,190,243,27,154,205
rigetti,mod5_4,fake_montreal,0,5,190,243,27,154,205
rigetti,mod5_4,fake_mumbai,0,5,190,243,27,99,124
rigetti,mod5_4,fake_mumbai,0,5,190,243,27,148,213
rigetti,mod5_4,fake_mumbai,0,5,190,243,27,148,213
rigetti,mod5_4,fake_nairobi,0,5,190,243,7,93,118
rigetti,mod5_4,fake_nairobi,0,5,190,243,7,145,203
rigetti,mod5_4,fake_nairobi,0,5,190,243,7,145,203
rigetti,mod5_4,fake_nighthawk,0,5,190,243,120,178,221
rigetti,mod5_4,fake_nighthawk,0,5,190,243,120,143,195
rigetti,mod5_4,fake_nighthawk,0,5,190,243,120,143,195
rigetti,mod5_4,fake_osaka,0,5,190,243,127,195,311
rigetti,mod5_4,fake_osaka,0,5,190,243,127,185,322
rigetti,mod5_4,fake_osaka,0,5,190,243,127,185,322
rigetti,mod5_4,fake_oslo,0,5,190,243,7,93,118
rigetti,mod5_4,fake_oslo,0,5,190,243,7,147,205
rigetti,mod5_4,fake_oslo,0,5,190,243,7,147,205
rigetti,mod5_4,fake_ourense,0,5,190,243,5,93,118
rigetti,mod5_4,fake_ourense,0,5,190,243,5,145,201
rigetti,mod5_4,fake_ourense,0,5,190,243,5,145,201
rigetti,mod5_4,fake_paris,0,5,190,243,27,99,124
rigetti,mod5_4,fake_paris,0,5,190,243,27,152,208
rigetti,mod5_4,fake_paris,0,5,190,243,27,152,208
rigetti,mod5_4,fake_peekskill,0,5,190,243,27,184,276
rigetti,mod5_4,fake_peekskill,0,5,190,243,27,205,306
rigetti,mod5_4,fake_peekskill,0,5,190,243,27,205,303
rigetti,mod5_4,fake_perth,0,5,190,243,7,93,118
rigetti,mod5_4,fake_perth,0,5,190,243,7,148,201
rigetti,mod5_4,fake_perth,0,5,190,243,7,148,201
rigetti,mod5_4,fake_prague,0,5,190,243,33,180,219
rigetti,mod5_4,fake_prague,0,5,190,243,33,148,191
rigetti,mod5_4,fake_prague,0,5,190,243,33,148,191
rigetti,mod5_4,fake_poughkeepsie,0,5,190,243,20,303,344
rigetti,mod5_4,fake_poughkeepsie,0,5,190,243,20,79,90
rigetti,mod5_4,fake_poughkeepsie,0,5,190,243,20,79,93
rigetti,mod5_4,fake_poughkeepsie,0,5,190,243,20,79,93
rigetti,mod5_4,fake_quebec,0,5,190,243,127,187,303
rigetti,mod5_4,fake_quebec,0,5,190,243,127,209,309
rigetti,mod5_4,fake_quebec,0,5,190,243,127,209,309
rigetti,mod5_4,fake_quito,0,5,190,243,5,93,118
rigetti,mod5_4,fake_quito,0,5,190,243,5,143,210
rigetti,mod5_4,fake_quito,0,5,190,243,5,143,210
rigetti,mod5_4,fake_rochester,0,5,190,243,53,303,344
rigetti,mod5_4,fake_rochester,0,5,190,243,53,79,88
rigetti,mod5_4,fake_rochester,0,5,190,243,53,79,95
rigetti,mod5_4,fake_rochester,0,5,190,243,53,79,95
rigetti,mod5_4,fake_rome,0,5,190,243,5,101,129
rigetti,mod5_4,fake_rome,0,5,190,243,5,145,208
rigetti,mod5_4,fake_rome,0,5,190,243,5,145,208
rigetti,mod5_4,fake_santiago,0,5,190,243,5,101,129
rigetti,mod5_4,fake_santiago,0,5,190,243,5,150,211
rigetti,mod5_4,fake_santiago,0,5,190,243,5,150,211
rigetti,mod5_4,fake_sherbrooke,0,5,190,243,127,187,303
rigetti,mod5_4,fake_sherbrooke,0,5,190,243,127,207,307
rigetti,mod5_4,fake_sherbrooke,0,5,190,243,127,207,307
rigetti,mod5_4,fake_singapore,0,5,190,243,20,303,344
rigetti,mod5_4,fake_singapore,0,5,190,243,20,83,95
rigetti,mod5_4,fake_singapore,0,5,190,243,20,79,95
rigetti,mod5_4,fake_singapore,0,5,190,243,20,79,95
rigetti,mod5_4,fake_sydney,0,5,190,243,27,99,124
rigetti,mod5_4,fake_sydney,0,5,190,243,27,140,213
rigetti,mod5_4,fake_sydney,0,5,190,243,27,140,213
rigetti,mod5_4,fake_torino,0,5,190,243,133,180,219
rigetti,mod5_4,fake_torino,0,5,190,243,133,149,193
rigetti,mod5_4,fake_torino,0,5,190,243,133,149,193
rigetti,mod5_4,fake_toronto,0,5,190,243,27,99,124
rigetti,mod5_4,fake_toronto,0,5,190,243,27,156,207
rigetti,mod5_4,fake_toronto,0,5,190,243,27,156,207
rigetti,mod5_4,fake_valencia,0,5,190,243,5,93,118
rigetti,mod5_4,fake_valencia,0,5,190,243,5,144,207
rigetti,mod5_4,fake_valencia,0,5,190,243,5,144,207
rigetti,mod5_4,fake_vigo,0,5,190,243,5,93,118
rigetti,mod5_4,fake_vigo,0,5,190,243,5,144,201
rigetti,mod5_4,fake_vigo,0,5,190,243,5,144,201
rigetti,mod5_4,fake_washington,0,5,190,243,127,94,113
rigetti,mod5_4,fake_washington,0,5,190,243,127,144,210
rigetti,mod5_4,fake_washington,0,5,190,243,127,144,210
rigetti,mod5_4,fake_yorktown,0,5,190,243,5,79,89
rigetti,mod5_4,fake_yorktown,0,5,190,243,5,140,182
rigetti,mod5_4,fake_yorktown,0,5,190,243,5,140,182
rigetti,tof_3,fake_algiers,0,5,120,165,27,409,462
rigetti,tof_3,fake_algiers,0,5,120,165,27,63,82
rigetti,tof_3,fake_algiers,0,5,120,165,27,98,140
rigetti,tof_3,fake_algiers,0,5,120,165,27,98,140
rigetti,tof_3,fake_almaden,0,5,120,165,20,184,231
rigetti,tof_3,fake_almaden,0,5,120,165,20,47,58
rigetti,tof_3,fake_almaden,0,5,120,165,20,44,60
rigetti,tof_3,fake_almaden,0,5,120,165,20,44,60
rigetti,tof_3,fake_athens,0,5,120,165,5,378,471
rigetti,tof_3,fake_athens,0,5,120,165,5,63,82
rigetti,tof_3,fake_athens,0,5,120,165,5,89,136
rigetti,tof_3,fake_athens,0,5,120,165,5,89,136
rigetti,tof_3,fake_auckland,0,5,120,165,27,409,462
rigetti,tof_3,fake_auckland,0,5,120,165,27,63,82
rigetti,tof_3,fake_auckland,0,5,120,165,27,99,138
rigetti,tof_3,fake_auckland,0,5,120,165,27,99,138
rigetti,tof_3,fake_belem,0,5,120,165,5,399,465
rigetti,tof_3,fake_belem,0,5,120,165,5,65,77
rigetti,tof_3,fake_belem,0,5,120,165,5,91,125
rigetti,tof_3,fake_belem,0,5,120,165,5,91,125
rigetti,tof_3,fake_boeblingen,0,5,120,165,20,184,231
rigetti,tof_3,fake_boeblingen,0,5,120,165,20,47,58
rigetti,tof_3,fake_boeblingen,0,5,120,165,20,44,60
rigetti,tof_3,fake_boeblingen,0,5,120,165,20,44,60
rigetti,tof_3,fake_bogota,0,5,120,165,5,378,471
rigetti,tof_3,fake_bogota,0,5,120,165,5,63,82
rigetti,tof_3,fake_bogota,0,5,120,165,5,86,134
rigetti,tof_3,fake_bogota,0,5,120,165,5,86,134
rigetti,tof_3,fake_brisbane,0,5,120,165,127,109,175
rigetti,tof_3,fake_brisbane,0,5,120,165,127,111,180
rigetti,tof_3,fake_brisbane,0,5,120,165,127,111,180
rigetti,tof_3,fake_brooklyn,0,5,120,165,65,378,471
rigetti,tof_3,fake_brooklyn,0,5,120,165,65,63,82
rigetti,tof_3,fake_brooklyn,0,5,120,165,65,88,136
rigetti,tof_3,fake_brooklyn,0,5,120,165,65,88,136
rigetti,tof_3,fake_burlington,0,5,120,165,5,195,225
rigetti,tof_3,fake_burlington,0,5,120,165,5,51,57
rigetti,tof_3,fake_burlington,0,5,120,165,5,47,62
rigetti,tof_3,fake_burlington,0,5,120,165,5,47,62
rigetti,tof_3,fake_cairo,0,5,120,165,27,110,179
rigetti,tof_3,fake_cairo,0,5,120,165,27,104,155
rigetti,tof_3,fake_cairo,0,5,120,165,27,104,155
rigetti,tof_3,fake_cambridge,0,5,120,165,28,184,231
rigetti,tof_3,fake_cambridge,0,5,120,165,28,47,58
rigetti,tof_3,fake_cambridge,0,5,120,165,28,44,60
rigetti,tof_3,fake_cambridge,0,5,120,165,28,44,60
rigetti,tof_3,fake_casablanca,0,5,120,165,7,399,474
rigetti,tof_3,fake_casablanca,0,5,120,165,7,63,82
rigetti,tof_3,fake_casablanca,0,5,120,165,7,87,132
rigetti,tof_3,fake_casablanca,0,5,120,165,7,87,132
rigetti,tof_3,fake_cusco,0,5,120,165,127,110,176
rigetti,tof_3,fake_cusco,0,5,120,165,127,112,179
rigetti,tof_3,fake_cusco,0,5,120,165,127,112,179
rigetti,tof_3,fake_essex,0,5,120,165,5,195,225
rigetti,tof_3,fake_essex,0,5,120,165,5,51,57
rigetti,tof_3,fake_essex,0,5,120,165,5,47,62
rigetti,tof_3,fake_essex,0,5,120,165,5,47,62
rigetti,tof_3,fake_fez,0,5,120,165,156,312,423
rigetti,tof_3,fake_fez,0,5,120,165,156,122,148
rigetti,tof_3,fake_fez,0,5,120,165,156,101,138
rigetti,tof_3,fake_fez,0,5,120,165,156,101,138
rigetti,tof_3,fake_fractional,0,5,120,165,5,259,297
rigetti,tof_3,fake_fractional,0,5,120,165,5,65,77
rigetti,tof_3,fake_fractional,0,5,120,165,5,83,96
rigetti,tof_3,fake_fractional,0,5,120,165,5,83,96
rigetti,tof_3,fake_geneva,0,5,120,165,27,409,462
rigetti,tof_3,fake_geneva,0,5,120,165,27,63,82
rigetti,tof_3,fake_geneva,0,5,120,165,27,87,139
rigetti,tof_3,fake_geneva,0,5,120,165,27,87,139
rigetti,tof_3,fake_guadalupe,0,5,120,165,16,409,462
rigetti,tof_3,fake_guadalupe,0,5,120,165,16,63,82
rigetti,tof_3,fake_guadalupe,0,5,120,165,16,86,136
rigetti,tof_3,fake_guadalupe,0,5,120,165,16,86,136
rigetti,tof_3,fake_hanoi,0,5,120,165,27,409,462
rigetti,tof_3,fake_hanoi,0,5,120,165,27,63,82
rigetti,tof_3,fake_hanoi,0,5,120,165,27,86,135
rigetti,tof_3,fake_hanoi,0,5,120,165,27,86,135
rigetti,tof_3,fake_jakarta,0,5,120,165,7,399,474
rigetti,tof_3,fake_jakarta,0,5,120,165,7,63,82
rigetti,tof_3,fake_jakarta,0,5,120,165,7,85,131
rigetti,tof_3,fake_jakarta,0,5,120,165,7,85,131
rigetti,tof_3,fake_johannesburg,0,5,120,165,20,184,231
rigetti,tof_3,fake_johannesburg,0,5,120,165,20,47,58
rigetti,tof_3,fake_johannesburg,0,5,120,165,20,44,60
rigetti,tof_3,fake_johannesburg,0,5,120,165,20,44,60
rigetti,tof_3,fake_kawasaki,0,5,120,165,127,118,187
rigetti,tof_3,fake_kawasaki,0,5,120,165,127,111,196
rigetti,tof_3,fake_kawasaki,0,5,120,165,127,111,196
rigetti,tof_3,fake_kolkata,0,5,120,165,27,409,462
rigetti,tof_3,fake_kolkata,0,5,120,165,27,63,82
rigetti,tof_3,fake_kolkata,0,5,120,165,27,99,143
rigetti,tof_3,fake_kolkata,0,5,120,165,27,99,143
rigetti,tof_3,fake_kyiv,0,5,120,165,127,116,188
rigetti,tof_3,fake_kyiv,0,5,120,165,127,116,175
rigetti,tof_3,fake_kyiv,0,5,120,165,127,116,175
rigetti,tof_3,fake_kyoto,0,5,120,165,127,116,188
rigetti,tof_3,fake_kyoto,0,5,120,165,127,111,183
rigetti,tof_3,fake_kyoto,0,5,120,165,127,111,183
rigetti,tof_3,fake_lagos,0,5,120,165,7,399,474
rigetti,tof_3,fake_lagos,0,5,120,165,7,63,82
rigetti,tof_3,fake_lagos,0,5,120,165,7,99,138
rigetti,tof_3,fake_lagos,0,5,120,165,7,99,138
rigetti,tof_3,fake_lima,0,5,120,165,5,399,465
rigetti,tof_3,fake_lima,0,5,120,165,5,65,77
rigetti,tof_3,fake_lima,0,5,120,165,5,89,122
rigetti,tof_3,fake_lima,0,5,120,165,5,89,122
rigetti,tof_3,fake_london,0,5,120,165,5,195,225
rigetti,tof_3,fake_london,0,5,120,165,5,51,57
rigetti,tof_3,fake_london,0,5,120,165,5,47,62
rigetti,tof_3,fake_london,0,5,120,165,5,47,62
rigetti,tof_3,fake_manhattan,0,5,120,165,65,378,471
rigetti,tof_3,fake_manhattan,0,5,120,165,65,63,82
rigetti,tof_3,fake_manhattan,0,5,120,165,65,99,140
rigetti,tof_3,fake_manhattan,0,5,120,165,65,99,140
rigetti,tof_3,fake_manila,0,5,120,165,5,378,471
rigetti,tof_3,fake_manila,0,5,120,165,5,63,82
rigetti,tof_3,fake_manila,0,5,120,165,5,99,143
rigetti,tof_3,fake_manila,0,5,120,165,5,99,143
rigetti,tof_3,fake_melbourne,0,5,120,165,15,378,471
rigetti,tof_3,fake_melbourne,0,5,120,165,15,57,75
rigetti,tof_3,fake_melbourne,0,5,120,165,15,90,141
rigetti,tof_3,fake_melbourne,0,5,120,165,15,90,141
rigetti,tof_3,fake_marrakesh,0,5,120,165,156,312,423
rigetti,tof_3,fake_marrakesh,0,5,120,165,156,122,148
rigetti,tof_3,fake_marrakesh,0,5,120,165,156,100,140
rigetti,tof_3,fake_marrakesh,0,5,120,165,156,100,140
rigetti,tof_3,fake_montreal,0,5,120,165,27,409,462
rigetti,tof_3,fake_montreal,0,5,120,165,27,63,82
rigetti,tof_3,fake_montreal,0,5,120,165,27,86,136
rigetti,tof_3,fake_montreal,0,5,120,165,27,86,136
rigetti,tof_3,fake_mumbai,0,5,120,165,27,409,462
rigetti,tof_3,fake_mumbai,0,5,120,165,27,63,82
rigetti,tof_3,fake_mumbai,0,5,120,165,27,97,140
rigetti,tof_3,fake_mumbai,0,5,120,165,27,97,140
rigetti,tof_3,fake_nairobi,0,5,120,165,7,399,474
rigetti,tof_3,fake_nairobi,0,5,120,165,7,63,82
rigetti,tof_3,fake_nairobi,0,5,120,165,7,85,131
rigetti,tof_3,fake_nairobi,0,5,120,165,7,85,131
rigetti,tof_3,fake_nighthawk,0,5,120,165,120,312,423
rigetti,tof_3,fake_nighthawk,0,5,120,165,120,100,139
rigetti,tof_3,fake_nighthawk,0,5,120,165,120,70,116
rigetti,tof_3,fake_nighthawk,0,5,120,165,120,70,116
rigetti,tof_3,fake_osaka,0,5,120,165,127,116,188
rigetti,tof_3,fake_osaka,0,5,120,165,127,114,183
rigetti,tof_3,fake_osaka,0,5,120,165,127,114,183
rigetti,tof_3,fake_oslo,0,5,120,165,7,399,474
rigetti,tof_3,fake_oslo,0,5,120,165,7,63,82
rigetti,tof_3,fake_oslo,0,5,120,165,7,88,137
rigetti,tof_3,fake_oslo,0,5,120,165,7,88,137
rigetti,tof_3,fake_ourense,0,5,120,165,5,399,465
rigetti,tof_3,fake_ourense,0,5,120,165,5,65,77
rigetti,tof_3,fake_ourense,0,5,120,165,5,82,122
rigetti,tof_3,fake_ourense,0,5,120,165,5,82,122
rigetti,tof_3,fake_paris,0,5,120,165,27,409,462
rigetti,tof_3,fake_paris,0,5,120,165,27,63,82
rigetti,tof_3,fake_paris,0,5,120,165,27,88,132
rigetti,tof_3,fake_paris,0,5,120,165,27,88,132
rigetti,tof_3,fake_peekskill,0,5,120,165,27,116,188
rigetti,tof_3,fake_peekskill,0,5,120,165,27,111,196
rigetti,tof_3,fake_peekskill,0,5,120,165,27,111,196
rigetti,tof_3,fake_perth,0,5,120,165,7,399,474
rigetti,tof_3,fake_perth,0,5,120,165,7,63,82
rigetti,tof_3,fake_perth,0,5,120,165,7,100,138
rigetti,tof_3,fake_perth,0,5,120,165,7,100,138
rigetti,tof_3,fake_prague,0,5,120,165,33,331,396
rigetti,tof_3,fake_prague,0,5,120,165,33,112,144
rigetti,tof_3,fake_prague,0,5,120,165,33,89,130
rigetti,tof_3,fake_prague,0,5,120,165,33,89,130
rigetti,tof_3,fake_poughkeepsie,0,5,120,165,20,184,231
rigetti,tof_3,fake_poughkeepsie,0,5,120,165,20,47,58
rigetti,tof_3,fake_poughkeepsie,0,5,120,165,20,44,60
rigetti,tof_3,fake_poughkeepsie,0,5,120,165,20,44,60
rigetti,tof_3,fake_quebec,0,5,120,165,127,115,187
rigetti,tof_3,fake_quebec,0,5,120,165,127,111,195
rigetti,tof_3,fake_quebec,0,5,120,165,127,111,195
rigetti,tof_3,fake_quito,0,5,120,165,5,399,465
rigetti,tof_3,fake_quito,0,5,120,165,5,65,77
rigetti,tof_3,fake_quito,0,5,120,165,5,93,128
rigetti,tof_3,fake_quito,0,5,120,165,5,93,128
rigetti,tof_3,fake_rochester,0,5,120,165,53,184,231
rigetti,tof_3,fake_rochester,0,5,120,165,53,50,54
rigetti,tof_3,fake_rochester,0,5,120,165,53,46,58
rigetti,tof_3,fake_rochester,0,5,120,165,53,46,58
rigetti,tof_3,fake_rome,0,5,120,165,5,378,471
rigetti,tof_3,fake_rome,0,5,120,165,5,63,82
rigetti,tof_3,fake_rome,0,5,120,165,5,89,140
rigetti,tof_3,fake_rome,0,5,120,165,5,89,140
rigetti,tof_3,fake_santiago,0,5,120,165,5,378,471
rigetti,tof_3,fake_santiago,0,5,120,165,5,63,82
rigetti,tof_3,fake_santiago,0,5,120,165,5,100,140
rigetti,tof_3,fake_santiago,0,5,120,165,5,100,140
rigetti,tof_3,fake_sherbrooke,0,5,120,165,127,108,177
rigetti,tof_3,fake_sherbrooke,0,5,120,165,127,112,181
rigetti,tof_3,fake_sherbrooke,0,5,120,165,127,112,181
rigetti,tof_3,fake_singapore,0,5,120,165,20,184,231
rigetti,tof_3,fake_singapore,0,5,120,165,20,47,58
rigetti,tof_3,fake_singapore,0,5,120,165,20,44,60
rigetti,tof_3,fake_singapore,0,5,120,165,20,44,60
rigetti,tof_3,fake_sydney,0,5,120,165,27,409,462
rigetti,tof_3,fake_sydney,0,5,120,165,27,63,82
rigetti,tof_3,fake_sydney,0,5,120,165,27,88,132
rigetti,tof_3,fake_sydney,0,5,120,165,27,88,132
rigetti,tof_3,fake_torino,0,5,120,165,133,312,423
rigetti,tof_3,fake_torino,0,5,120,165,133,112,144
rigetti,tof_3,fake_torino,0,5,120,165,133,89,122
rigetti,tof_3,fake_torino,0,5,120,165,133,89,122
rigetti,tof_3,fake_toronto,0,5,120,165,27,409,462
rigetti,tof_3,fake_toronto,0,5,120,165,27,63,82
rigetti,tof_3,fake_toronto,0,5,120,165,27,86,135
rigetti,tof_3,fake_toronto,0,5,120,165,27,86,135
rigetti,tof_3,fake_valencia,0,5,120,165,5,399,465
rigetti,tof_3,fake_valencia,0,5,120,165,5,65,77
rigetti,tof_3,fake_valencia,0,5,120,165,5,95,130
rigetti,tof_3,fake_valencia,0,5,120,165,5,95,130
rigetti,tof_3,fake_vigo,0,5,120,165,5,399,465
rigetti,tof_3,fake_vigo,0,5,120,165,5,65,77
rigetti,tof_3,fake_vigo,0,5,120,165,5,82,123
rigetti,tof_3,fake_vigo,0,5,120,165,5,82,123
rigetti,tof_3,fake_washington,0,5,120,165,127,378,471
rigetti,tof_3,fake_washington,0,5,120,165,127,63,82
rigetti,tof_3,fake_washington,0,5,120,165,127,87,139
rigetti,tof_3,fake_washington,0,5,120,165,127,87,139
rigetti,tof_3,fake_yorktown,0,5,120,165,5,324,444
rigetti,tof_3,fake_yorktown,0,5,120,165,5,37,53
rigetti,tof_3,fake_yorktown,0,5,120,165,5,71,103
rigetti,tof_3,fake_yorktown,0,5,120,165,5,71,103
