benchmark,circuit,n_qubits,depth,n_ops
rigetti,adder_8,24,919,3514
rigetti,barenco_tof_5,9,468,630
rigetti,gf2^4_mult,12,403,847
rigetti,mod_mult_55,9,184,435
rigetti,barenco_tof_4,7,316,422
rigetti,csum_mux_9,30,222,1484
rigetti,gf2^9_mult,27,1033,4127
rigetti,rc_adder_6,14,388,802
rigetti,barenco_tof_3,5,164,214
rigetti,barenco_tof_10,19,1228,1670
rigetti,qcla_com_7,24,339,1637
rigetti,mod5_4,5,190,243
rigetti,gf2^5_mult,15,517,1307
rigetti,qcla_mod_7,26,816,3340
rigetti,tof_10,19,652,935
rigetti,gf2^8_mult,24,943,3373
rigetti,csla_mux_3,15,251,690
rigetti,mod_red_21,11,596,968
rigetti,vbe_adder_3,10,337,590
rigetti,gf2^6_mult,18,661,1865
rigetti,tof_3,5,120,165
rigetti,tof_4,7,196,275
rigetti,qcla_adder_10,36,300,2019
rigetti,tof_5,9,272,385
rigetti,gf2^7_mult,21,790,2521
rigetti,gf2^10_mult,30,1162,5077
ion,xor5_254,16,17,47
ion,4_49_16,16,376,753
ion,sys6-v0_111,16,223,737
ion,adder_8,24,495,2616
ion,urf5_280,16,82943,176735
ion,square_root_7,16,11673,27111
ion,cycle10_2_110,16,9947,20422
ion,rd84_253,16,21272,46398
ion,ham15_107,16,14127,29645
ion,inc_237,16,17260,36033
ion,heisenberg_step_30_4,4,3488,7652
ion,rd53_130,16,1691,3665
ion,alu-v2_31,16,768,1533
ion,4gt5_77,16,226,453
ion,qaoa_5,5,299,507
ion,sym9_148,16,35584,72576
ion,adder_4,4,232,417
ion,barenco_tof_5,9,230,472
ion,radd_250,16,5227,10913
ion,mod10_176,16,301,610
ion,C17_204,16,740,1587
ion,0410184_169,16,302,817
ion,con1_216,16,1490,3284
ion,rd53_311,16,384,1001
ion,TFIM_step_30_4,4,169,420
ion,4gt13_91,16,179,359
ion,one-two-three-v0_98,16,236,496
ion,4gt13_90,16,191,379
ion,gf2^4_mult,12,201,635
ion,vqe_uccsd_n4,4,663,1412
ion,dc2_222,16,15424,32096
ion,mod_mult_55,9,104,325
ion,qaoa_n10_p4,10,192,1120
ion,ex3_229,16,665,1383
ion,ham3_102,16,39,74
ion,adr4_197,16,5368,11721
ion,barenco_tof_4,7,156,316
ion,one-two-three-v1_99,16,241,458
ion,mini-alu_167,16,475,972
ion,qv_15_d2,15,112,1442
ion,alu-v2_30,16,854,1726
ion,4gt5_76,16,166,325
ion,TFIM_step_20_4,4,169,420
ion,rd53_131,16,802,1719
ion,TFIM_step_100_16,16,673,8400
ion,csum_mux_9,30,117,1120
ion,gf2^9_mult,27,521,3105
ion,vqe_uccsd_n8,8,28415,68040
ion,urf1_149,16,279255,623916
ion,hlf_5,5,97,169
ion,mini_alu_305,16,221,641
ion,4mod7-v0_94,16,272,550
ion,z4_268,16,4835,10465
ion,heisenberg_step_20_4,4,2328,5102
ion,cm82a_208,16,1008,2252
ion,adder_9,9,295,634
ion,rc_adder_6,14,212,594
ion,sao2_257,16,57310,130443
ion,barenco_tof_3,5,82,160
ion,aj-e11_165,16,260,527
ion,grover_pigeon3,6,20227,30220
ion,qiskit-3_17_13,16,73,134
ion,qpeinexact_nativegates_ibm_tket_8,8,1006,3161
ion,misex1_241,16,7866,16343
ion,alu-v0_26,16,155,296
ion,portfolioqaoa_nativegates_ibm_tket_8,8,1489,8040
ion,sym6_316,16,426,952
ion,decod24-bdd_294,16,123,291
ion,miller_11,16,90,172
ion,barenco_tof_10,19,600,1252
ion,qaoa_n8_p4,8,201,896
ion,sqn_258,16,15918,34739
ion,rd32-v1_68,16,80,140
ion,qft_nativegates_ibm_tket_8,8,809,3226
ion,dc1_220,16,3074,6536
ion,hwb6_56,16,10959,22721
ion,portfoliovqe_nativegates_ibm_tket_8,8,605,3178
ion,TFIM_step_90_4,4,169,420
ion,decod24-enable_126,16,573,1144
ion,one-two-three-v2_100,16,127,247
ion,mod5adder_127,16,913,1951
ion,qcla_com_7,24,174,1226
ion,qiskit-alu-v0_26,16,155,296
ion,qaoa_10,10,231,665
ion,urf3_279,16,211840,447662
ion,one-two-three-v3_101,16,132,258
ion,mod5_4,5,100,181
ion,4mod5-v0_20,16,43,80
ion,heisenberg_step_45_4,4,5228,11477
ion,hlf_10,10,123,406
ion,gf2^5_mult,15,265,981
ion,qv_20_d2,20,112,2060
ion,mod8-10_177,16,728,1504
ion,qv_30_d2,30,112,3090
ion,ising_model_13,16,166,1828
ion,sf_276,16,1281,2702
ion,mlp4_245,16,30357,63900
ion,qcla_mod_7,26,435,2494
ion,heisenberg_step_10_4,4,1168,2552
ion,TFIM_step_80_4,4,169,420
ion,cm85a_209,16,18769,38678
ion,tof_10,19,319,697
ion,cm42a_207,16,2769,6110
ion,4gt12-v1_89,16,393,788
ion,alu-v0_27,16,77,134
ion,multiply_10,10,388,1022
ion,pm1_249,16,2769,6110
ion,qft_10_quest,10,491,1275
ion,gf2^8_mult,24,475,2533
ion,mod5mils_65,16,71,129
ion,9symml_195,16,56613,118219
ion,mod10_171,16,418,836
ion,TFIM_step_10_4,4,169,420
ion,ex1_226,16,17,47
ion,ex-1_166,16,48,75
ion,decod24-v1_41,16,165,307
ion,4gt12-v0_88,16,311,658
ion,qft_5,5,245,550
ion,ham15-high,20,8009,16454
ion,rd53_138,16,165,452
ion,TFIM_step_40_4,4,169,420
ion,4gt4-v0_79,16,383,791
ion,max46_240,16,41730,91962
ion,alu-v3_34,16,104,188
ion,qv_5_d2,5,112,412
ion,csla_mux_3,15,143,510
ion,qe_qft_5,5,369,949
ion,3_17_13,16,73,134
ion,decod24-v3_45,16,265,546
ion,4gt4-v0_80,16,300,615
ion,mod8-10_178,16,571,1170
ion,hwb7_59,16,39369,82323
ion,hwb4_49,16,394,801
ion,root_255,16,25882,58191
ion,4mod5-bdd_287,16,131,264
ion,mod_red_21,11,319,728
ion,urf5_158,16,251280,554904
ion,4gt11_84,16,35,64
ion,decod24-v0_38,16,98,183
ion,heisenberg_step_40_4,4,4648,10202
ion,vbe_adder_3,10,174,440
ion,heisenberg_step_5_4,4,588,1277
ion,ising_model_10,16,165,1390
ion,4mod5-v0_19,16,74,129
ion,qaoa_n20_p4,20,237,2240
ion,qaoa_n30_p4,30,235,3360
ion,4gt4-v1_74,16,450,929
ion,heisenberg_step_15_4,4,1748,3827
ion,4mod5-v1_22,16,44,85
ion,4gt12-v0_87,16,383,845
ion,alu-v1_29,16,84,145
ion,heisenberg_step_50_4,4,5808,12752
ion,4gt12-v0_86,16,395,865
ion,alu-v1_28,16,77,139
ion,4mod5-v1_23,16,136,247
ion,hwb9_119,16,341995,701395
ion,sf_274,16,1296,2735
ion,life_238,16,36841,76095
ion,TFIM_step_100_8,8,337,1960
ion,4mod5-v0_18,16,124,253
ion,majority_239,16,1020,2090
ion,gf2^6_mult,18,329,1401
ion,hwb5_53,16,2206,4548
ion,XY_step_100_4,4,161,396
ion,ham7_104,16,542,1106
ion,urf2_152,16,123968,271620
ion,rd53_135,16,466,1012
ion,heisenberg_step_50_8,8,6806,29754
ion,TFIM_step_50_4,4,169,420
ion,TFIM_step_100_32,32,1345,34720
ion,rd32_270,16,143,308
ion,cm152a_212,16,2015,4159
ion,4gt10-v1_81,16,251,512
ion,qft_10,16,163,660
ion,rd32-v0_66,16,60,118
ion,TFIM_step_100_4,4,169,420
ion,tof_3,5,60,123
ion,qaoa_n4_p4,4,201,448
ion,rd53_251,16,2075,4417
ion,qaoa_nativegates_ibm_tket_8,8,294,1698
ion,qe_qft_4,5,253,619
ion,qpeexact_nativegates_ibm_tket_8,8,958,3089
ion,alu-v3_35,16,81,139
ion,squar5_261,16,3080,6789
ion,4gt4-v0_78,16,398,811
ion,vqe_4,4,665,1327
ion,XY_step_100_8,8,321,1848
ion,urf2_277,16,34238,72756
ion,urf3_155,16,644889,1429272
ion,4gt13-v1_93,16,125,248
ion,4gt4-v0_73,16,658,1351
ion,one-two-three-v0_97,16,479,982
ion,rd73_252,16,8384,18137
ion,rd84_142,16,324,1169
ion,sym9_193,16,56613,118219
ion,4mod7-v1_96,16,294,572
ion,ising_model_16,16,166,2266
ion,urf4_187,16,758078,1728216
ion,heisenberg_step_25_4,4,2908,6377
ion,4mod5-v1_24,16,72,140
ion,f2_232,16,1979,4116
ion,mod5d1_63,16,38,84
ion,sym9_146,16,377,1120
ion,dist_223,16,57712,128842
ion,alu-v4_36,16,205,399
ion,sym10_262,16,104763,217649
ion,TFIM_step_70_4,4,169,420
ion,tof_4,7,97,205
ion,vqe_nativegates_ibm_tket_8,8,284,843
ion,plus63mod4096_163,16,212715,434530
ion,alu-bdd_288,16,158,296
ion,ground_state_estimation_10,16,620931,1130862
ion,graycode6_47,16,16,25
ion,alu-v2_33,16,82,145
ion,qaoa_n6_p4,6,224,672
ion,alu-v2_32,16,270,561
ion,qaoa_n14_p4,14,219,1568
ion,ham15-med,17,1974,4141
ion,4gt11_83,16,46,89
ion,qftentangled_nativegates_ibm_tket_8,8,879,3570
ion,TFIM_step_60_4,4,169,420
ion,muliply_5,5,213,419
ion,hwb8_113,16,113832,234228
ion,qft_16,16,265,1632
ion,plus63mod8192_164,16,309537,631522
ion,hwb6,7,445,993
ion,qcla_adder_10,36,163,1503
ion,decod24-v2_43,16,101,200
ion,tof_5,9,134,287
ion,cnt3-5_180,16,612,1645
ion,clip_206,16,52453,114665
ion,sqrt8_260,16,4874,10255
ion,vqe_uccsd_n6,6,6152,14590
ion,4gt13_92,16,115,226
ion,cnt3-5_179,16,183,615
ion,alu-v4_37,16,81,139
ion,gf2^7_mult,21,393,1895
ion,urf1_278,16,92967,196194
ion,gf2^10_mult,30,585,3821
ion,shor_15_7,12,55287,101100
ion,ex2_227,16,1060,2171
ion,rd73_140,16,271,786
ion,mod5d2_64,16,98,193
ion,heisenberg_step_35_4,4,4068,8927
ion,urf6_160,16,263702,579960
ion,wim_266,16,1511,3404
ion,co14_215,16,25206,60656
ion,sym6_145,16,6409,13122
ion,ham15-low,17,758,1695
ion,ae_nativegates_ibm_tket_8,8,956,2876
ion,qgan_nativegates_ibm_tket_8,8,248,1154
ion,qft_20,20,1010,8290
ion,rd53_133,16,968,1964
ion,4gt4-v0_72,16,409,880
benchmarksCCZ,adder_8,24,55,216
benchmarksCCZ,barenco_tof_5,9,25,26
benchmarksCCZ,gf2^4_mult,12,17,33
benchmarksCCZ,gf2^128_mult,384,517,17275
benchmarksCCZ,mod_mult_55,9,14,35
benchmarksCCZ,barenco_tof_4,7,17,18
benchmarksCCZ,gf2^32_mult,96,137,1305
benchmarksCCZ,gf2^64_mult,192,263,4539
benchmarksCCZ,csum_mux_9,30,15,84
benchmarksCCZ,gf2^9_mult,27,36,123
benchmarksCCZ,rc_adder_6,14,28,68
benchmarksCCZ,gf2^131_mult,393,537,18333
benchmarksCCZ,barenco_tof_3,5,9,10
benchmarksCCZ,barenco_tof_10,19,65,66
benchmarksCCZ,mod_adder_1024,28,521,865
benchmarksCCZ,qcla_com_7,24,15,95
benchmarksCCZ,mod5_4,5,15,15
benchmarksCCZ,gf2^5_mult,15,20,47
benchmarksCCZ,qcla_mod_7,26,39,176
benchmarksCCZ,tof_10,19,35,51
benchmarksCCZ,gf2^8_mult,24,39,115
benchmarksCCZ,csla_mux_3,15,17,50
benchmarksCCZ,gf2^163_mult,489,665,27705
benchmarksCCZ,mod_red_21,11,43,74
benchmarksCCZ,vbe_adder_3,10,20,30
benchmarksCCZ,gf2^6_mult,18,25,63
benchmarksCCZ,tof_3,5,7,9
benchmarksCCZ,gf2^16_mult,48,71,363
benchmarksCCZ,tof_4,7,11,15
benchmarksCCZ,qcla_adder_10,36,15,113
benchmarksCCZ,tof_5,9,15,21
benchmarksCCZ,gf2^7_mult,21,29,81
benchmarksCCZ,gf2^10_mult,30,40,147
nam_rz,xor5_254,16,11,23
nam_rz,4_49_16,16,185,329
nam_rz,sys6-v0_111,16,114,319
nam_rz,adder_8,24,259,900
nam_rz,urf5_280,16,39814,75309
nam_rz,square_root_7,16,5967,13330
nam_rz,cycle10_2_110,16,4853,9074
nam_rz,rd84_253,16,10349,20778
nam_rz,ham15_107,16,6850,13123
nam_rz,inc_237,16,8447,16115
nam_rz,heisenberg_step_30_4,4,2284,4412
nam_rz,rd53_130,16,845,1707
nam_rz,alu-v2_31,16,391,683
nam_rz,4gt5_77,16,117,203
nam_rz,qaoa_5,5,192,285
nam_rz,sym9_148,16,17451,32256
nam_rz,adder_4,4,157,267
nam_rz,barenco_tof_5,9,129,170
nam_rz,radd_250,16,2533,4877
nam_rz,mod10_176,16,145,274
nam_rz,C17_204,16,361,707
nam_rz,0410184_169,16,152,363
nam_rz,con1_216,16,726,1490
nam_rz,rd53_311,16,200,459
nam_rz,TFIM_step_30_4,4,124,312
nam_rz,4gt13_91,16,85,151
nam_rz,one-two-three-v0_98,16,113,218
nam_rz,4gt13_90,16,86,155
nam_rz,gf2^4_mult,12,112,225
nam_rz,vqe_uccsd_n4,4,462,892
nam_rz,dc2_222,16,7538,14350
nam_rz,mod_mult_55,9,55,119
nam_rz,qaoa_n10_p4,10,136,910
nam_rz,ex3_229,16,334,627
nam_rz,ham3_102,16,19,28
nam_rz,adr4_197,16,2587,5271
nam_rz,barenco_tof_4,7,87,114
nam_rz,one-two-three-v1_99,16,131,204
nam_rz,mini-alu_167,16,230,432
nam_rz,alu-v2_30,16,433,768
nam_rz,4gt5_76,16,76,131
nam_rz,TFIM_step_20_4,4,124,312
nam_rz,rd53_131,16,409,829
nam_rz,TFIM_step_100_16,16,496,6240
nam_rz,csum_mux_9,30,64,420
nam_rz,gf2^9_mult,27,290,1095
nam_rz,vqe_uccsd_n8,8,18184,39032
nam_rz,urf1_149,16,125261,277296
nam_rz,hlf_5,5,58,95
nam_rz,mini_alu_305,16,121,301
nam_rz,4mod7-v0_94,16,138,242
nam_rz,z4_268,16,2354,4689
nam_rz,heisenberg_step_20_4,4,1524,2942
nam_rz,cm82a_208,16,501,1026
nam_rz,adder_9,9,137,226
nam_rz,rc_adder_6,14,111,200
nam_rz,sao2_257,16,27887,58105
nam_rz,barenco_tof_3,5,45,58
nam_rz,aj-e11_165,16,130,231
nam_rz,grover_pigeon3,6,17289,25714
nam_rz,qiskit-3_17_13,16,41,60
nam_rz,qpeinexact_nativegates_ibm_tket_8,8,799,2531
nam_rz,misex1_241,16,3840,7317
nam_rz,alu-v0_26,16,80,132
nam_rz,portfolioqaoa_nativegates_ibm_tket_8,8,1182,6400
nam_rz,sym6_316,16,231,422
nam_rz,decod24-bdd_294,16,64,145
nam_rz,miller_11,16,45,74
nam_rz,barenco_tof_10,19,339,450
nam_rz,qaoa_n8_p4,8,136,728
nam_rz,sqn_258,16,7714,15567
nam_rz,rd32-v1_68,16,52,68
nam_rz,qft_nativegates_ibm_tket_8,8,649,2574
nam_rz,dc1_220,16,1514,2946
nam_rz,hwb6_56,16,5351,10075
nam_rz,portfoliovqe_nativegates_ibm_tket_8,8,481,2532
nam_rz,TFIM_step_90_4,4,124,312
nam_rz,decod24-enable_126,16,290,506
nam_rz,one-two-three-v2_100,16,68,109
nam_rz,mod5adder_127,16,462,907
nam_rz,qcla_com_7,24,94,443
nam_rz,qiskit-alu-v0_26,16,80,132
nam_rz,qaoa_10,10,108,285
nam_rz,urf3_279,16,102115,189986
nam_rz,one-two-three-v3_101,16,72,118
nam_rz,mod5_4,5,52,63
nam_rz,4mod5-v0_20,16,24,36
nam_rz,heisenberg_step_45_4,4,3424,6617
nam_rz,hlf_10,10,58,161
nam_rz,gf2^5_mult,15,146,347
nam_rz,mod8-10_177,16,359,664
nam_rz,ising_model_13,16,115,1205
nam_rz,sf_276,16,635,1242
nam_rz,mlp4_245,16,14836,28548
nam_rz,qcla_mod_7,26,229,884
nam_rz,heisenberg_step_10_4,4,764,1472
nam_rz,TFIM_step_80_4,4,124,312
nam_rz,cm85a_209,16,9202,17270
nam_rz,tof_10,19,180,255
nam_rz,cm42a_207,16,1355,2776
nam_rz,4gt12-v1_89,16,202,356
nam_rz,alu-v0_27,16,45,60
nam_rz,multiply_10,10,181,350
nam_rz,pm1_249,16,1355,2776
nam_rz,qft_10_quest,10,210,401
nam_rz,gf2^8_mult,24,262,883
nam_rz,mod5mils_65,16,41,59
nam_rz,9symml_195,16,27751,52809
nam_rz,mod10_171,16,210,372
nam_rz,TFIM_step_10_4,4,124,312
nam_rz,ex1_226,16,11,23
nam_rz,ex-1_166,16,28,35
nam_rz,decod24-v1_41,16,86,141
nam_rz,4gt12-v0_88,16,152,290
nam_rz,qft_5,5,162,348
nam_rz,ham15-high,20,5111,7498
nam_rz,rd53_138,16,86,196
nam_rz,TFIM_step_40_4,4,124,312
nam_rz,4gt4-v0_79,16,184,343
nam_rz,max46_240,16,20269,41094
nam_rz,alu-v3_34,16,58,84
nam_rz,csla_mux_3,15,72,170
nam_rz,qe_qft_5,5,251,659
nam_rz,3_17_13,16,41,60
nam_rz,decod24-v3_45,16,139,262
nam_rz,4gt4-v0_80,16,152,275
nam_rz,mod8-10_178,16,289,518
nam_rz,hwb7_59,16,19172,36555
nam_rz,hwb4_49,16,193,345
nam_rz,root_255,16,12615,26007
nam_rz,4mod5-bdd_287,16,69,126
nam_rz,mod_red_21,11,176,278
nam_rz,urf5_158,16,113911,246624
nam_rz,4gt11_84,16,19,26
nam_rz,decod24-v0_38,16,50,83
nam_rz,heisenberg_step_40_4,4,3044,5882
nam_rz,vbe_adder_3,10,90,150
nam_rz,heisenberg_step_5_4,4,384,737
nam_rz,ising_model_10,16,114,920
nam_rz,4mod5-v0_19,16,45,59
nam_rz,qaoa_n20_p4,20,154,1820
nam_rz,qaoa_n30_p4,30,151,2730
nam_rz,4gt4-v1_74,16,222,417
nam_rz,heisenberg_step_15_4,4,1144,2207
nam_rz,4mod5-v1_22,16,27,37
nam_rz,4gt12-v0_87,16,187,367
nam_rz,alu-v1_29,16,50,69
nam_rz,heisenberg_step_50_4,4,3804,7352
nam_rz,4gt12-v0_86,16,188,371
nam_rz,alu-v1_28,16,45,61
nam_rz,4mod5-v1_23,16,81,109
nam_rz,hwb9_119,16,167467,311615
nam_rz,sf_274,16,652,1269
nam_rz,life_238,16,18075,34005
nam_rz,TFIM_step_100_8,8,248,1456
nam_rz,4mod5-v0_18,16,73,117
nam_rz,majority_239,16,508,940
nam_rz,gf2^6_mult,18,184,495
nam_rz,hwb5_53,16,1076,1992
nam_rz,XY_step_100_4,4,116,288
nam_rz,ham7_104,16,253,472
nam_rz,urf2_152,16,55860,120720
nam_rz,rd53_135,16,227,440
nam_rz,heisenberg_step_50_8,8,4672,17154
nam_rz,TFIM_step_50_4,4,124,312
nam_rz,TFIM_step_100_32,32,992,25792
nam_rz,rd32_270,16,71,148
nam_rz,cm152a_212,16,988,1869
nam_rz,4gt10-v1_81,16,124,228
nam_rz,qft_10,16,91,280
nam_rz,rd32-v0_66,16,34,50
nam_rz,TFIM_step_100_4,4,124,312
nam_rz,tof_3,5,33,45
nam_rz,qaoa_n4_p4,4,136,364
nam_rz,rd53_251,16,1012,1987
nam_rz,qaoa_nativegates_ibm_tket_8,8,236,1364
nam_rz,qe_qft_4,5,172,423
nam_rz,qpeexact_nativegates_ibm_tket_8,8,758,2471
nam_rz,alu-v3_35,16,46,61
nam_rz,squar5_261,16,1496,3049
nam_rz,4gt4-v0_78,16,185,347
nam_rz,vqe_4,4,442,857
nam_rz,XY_step_100_8,8,232,1344
nam_rz,urf2_277,16,16470,30016
nam_rz,urf3_155,16,289525,635232
nam_rz,4gt13-v1_93,16,67,116
nam_rz,4gt4-v0_73,16,315,587
nam_rz,one-two-three-v0_97,16,234,434
nam_rz,rd73_252,16,4054,8153
nam_rz,rd84_142,16,164,511
nam_rz,sym9_193,16,27751,52809
nam_rz,4mod7-v1_96,16,156,260
nam_rz,ising_model_16,16,115,1490
nam_rz,urf4_187,16,351994,768096
nam_rz,heisenberg_step_25_4,4,1904,3677
nam_rz,4mod5-v1_24,16,41,68
nam_rz,f2_232,16,980,1854
nam_rz,mod5d1_63,16,20,30
nam_rz,sym9_146,16,187,488
nam_rz,dist_223,16,28136,57486
nam_rz,alu-v4_36,16,102,179
nam_rz,sym10_262,16,51388,97107
nam_rz,TFIM_step_70_4,4,124,312
nam_rz,tof_4,7,54,75
nam_rz,vqe_nativegates_ibm_tket_8,8,237,703
nam_rz,plus63mod4096_163,16,104332,193120
nam_rz,alu-bdd_288,16,88,132
nam_rz,ground_state_estimation_10,16,245614,390180
nam_rz,graycode6_47,16,5,5
nam_rz,alu-v2_33,16,50,69
nam_rz,qaoa_n6_p4,6,151,546
nam_rz,alu-v2_32,16,139,251
nam_rz,qaoa_n14_p4,14,145,1274
nam_rz,ham15-med,17,1222,1907
nam_rz,4gt11_83,16,20,31
nam_rz,qftentangled_nativegates_ibm_tket_8,8,707,2853
nam_rz,TFIM_step_60_4,4,124,312
nam_rz,muliply_5,5,144,281
nam_rz,hwb8_113,16,55653,104068
nam_rz,qft_16,16,145,640
nam_rz,plus63mod8192_164,16,151805,280672
nam_rz,hwb6,7,285,491
nam_rz,qcla_adder_10,36,84,521
nam_rz,decod24-v2_43,16,54,100
nam_rz,tof_5,9,75,105
nam_rz,cnt3-5_180,16,299,725
nam_rz,clip_206,16,25607,51227
nam_rz,sqrt8_260,16,2379,4601
nam_rz,vqe_uccsd_n6,6,4222,8762
nam_rz,4gt13_92,16,58,98
nam_rz,cnt3-5_179,16,88,255
nam_rz,alu-v4_37,16,46,61
nam_rz,gf2^7_mult,21,220,669
nam_rz,urf1_278,16,44762,82494
nam_rz,gf2^10_mult,30,326,1347
nam_rz,shor_15_7,12,26831,36598
nam_rz,ex2_227,16,531,983
nam_rz,rd73_140,16,138,342
nam_rz,mod5d2_64,16,54,85
nam_rz,heisenberg_step_35_4,4,2664,5147
nam_rz,urf6_160,16,118105,257760
nam_rz,wim_266,16,738,1554
nam_rz,co14_215,16,12282,27024
nam_rz,sym6_145,16,3163,5832
nam_rz,ham15-low,17,435,713
nam_rz,ae_nativegates_ibm_tket_8,8,767,2310
nam_rz,qgan_nativegates_ibm_tket_8,8,198,928
nam_rz,qft_20,20,749,5610
nam_rz,rd53_133,16,488,868
nam_rz,4gt4-v0_72,16,212,394
ibm,xor5_254,16,5,7
ibm,4_49_16,16,125,217
ibm,sys6-v0_111,16,75,215
ibm,adder_8,24,259,900
ibm,urf5_280,16,27822,49829
ibm,square_root_7,16,3847,7630
ibm,cycle10_2_110,16,3386,6050
ibm,rd84_253,16,7261,13658
ibm,ham15_107,16,4819,8763
ibm,inc_237,16,5863,10619
ibm,heisenberg_step_30_4,4,844,1532
ibm,rd53_130,16,569,1043
ibm,alu-v2_31,16,255,451
ibm,4gt5_77,16,74,131
ibm,qaoa_5,5,56,69
ibm,sym9_148,16,12087,21504
ibm,adder_4,4,37,51
ibm,barenco_tof_5,9,129,170
ibm,radd_250,16,1781,3213
ibm,mod10_176,16,101,178
ibm,C17_204,16,253,467
ibm,0410184_169,16,104,211
ibm,con1_216,16,508,954
ibm,rd53_311,16,124,275
ibm,TFIM_step_30_4,4,28,72
ibm,4gt13_91,16,61,103
ibm,one-two-three-v0_98,16,82,146
ibm,4gt13_90,16,65,107
ibm,gf2^4_mult,12,112,225
ibm,vqe_uccsd_n4,4,145,220
ibm,dc2_222,16,5242,9462
ibm,mod_mult_55,9,55,119
ibm,qaoa_n10_p4,10,100,550
ibm,ex3_229,16,226,403
ibm,ham3_102,16,13,20
ibm,adr4_197,16,1839,3439
ibm,barenco_tof_4,7,87,114
ibm,one-two-three-v1_99,16,76,132
ibm,mini-alu_167,16,162,288
ibm,alu-v2_30,16,285,504
ibm,4gt5_76,16,56,91
ibm,TFIM_step_20_4,4,28,72
ibm,rd53_131,16,261,469
ibm,TFIM_step_100_16,16,112,1440
ibm,csum_mux_9,30,64,420
ibm,gf2^9_mult,27,290,1095
ibm,vqe_uccsd_n8,8,7252,10808
ibm,urf1_149,16,99585,184864
ibm,hlf_5,5,18,23
ibm,mini_alu_305,16,69,173
ibm,4mod7-v0_94,16,92,162
ibm,z4_268,16,1644,3073
ibm,heisenberg_step_20_4,4,564,1022
ibm,cm82a_208,16,337,650
ibm,adder_9,9,113,162
ibm,rc_adder_6,14,111,200
ibm,sao2_257,16,19563,38577
ibm,barenco_tof_3,5,45,58
ibm,aj-e11_165,16,86,151
ibm,grover_pigeon3,6,6165,9162
ibm,qiskit-3_17_13,16,22,36
ibm,qpeinexact_nativegates_ibm_tket_8,8,383,1051
ibm,misex1_241,16,2676,4813
ibm,alu-v0_26,16,49,84
ibm,portfolioqaoa_nativegates_ibm_tket_8,8,541,2528
ibm,sym6_316,16,135,270
ibm,decod24-bdd_294,16,40,73
ibm,miller_11,16,29,50
ibm,barenco_tof_10,19,339,450
ibm,qaoa_n8_p4,8,100,440
ibm,sqn_258,16,5458,10223
ibm,rd32-v1_68,16,21,36
ibm,qft_nativegates_ibm_tket_8,8,305,1054
ibm,dc1_220,16,1038,1914
ibm,hwb6_56,16,3736,6723
ibm,portfoliovqe_nativegates_ibm_tket_8,8,261,1292
ibm,TFIM_step_90_4,4,28,72
ibm,decod24-enable_126,16,190,338
ibm,one-two-three-v2_100,16,40,69
ibm,mod5adder_127,16,302,555
ibm,qcla_com_7,24,94,443
ibm,qiskit-alu-v0_26,16,49,84
ibm,qaoa_10,10,69,125
ibm,urf3_279,16,70702,125362
ibm,one-two-three-v3_101,16,40,70
ibm,mod5_4,5,52,63
ibm,4mod5-v0_20,16,12,20
ibm,heisenberg_step_45_4,4,1264,2297
ibm,hlf_10,10,34,77
ibm,gf2^5_mult,15,146,347
ibm,mod8-10_177,16,251,440
ibm,ising_model_13,16,71,633
ibm,sf_276,16,435,778
ibm,mlp4_245,16,10328,18852
ibm,qcla_mod_7,26,229,884
ibm,heisenberg_step_10_4,4,284,512
ibm,TFIM_step_80_4,4,28,72
ibm,cm85a_209,16,6374,11414
ibm,tof_10,19,180,255
ibm,cm42a_207,16,940,1776
ibm,4gt12-v1_89,16,130,228
ibm,alu-v0_27,16,21,36
ibm,multiply_10,10,146,270
ibm,pm1_249,16,940,1776
ibm,qft_10_quest,10,188,361
ibm,gf2^8_mult,24,262,883
ibm,mod5mils_65,16,21,35
ibm,9symml_195,16,19235,34881
ibm,mod10_171,16,139,244
ibm,TFIM_step_10_4,4,28,72
ibm,ex1_226,16,5,7
ibm,ex-1_166,16,12,19
ibm,decod24-v1_41,16,50,85
ibm,4gt12-v0_88,16,108,194
ibm,qft_5,5,42,68
ibm,ham15-high,20,4059,6058
ibm,rd53_138,16,56,132
ibm,TFIM_step_40_4,4,28,72
ibm,4gt4-v0_79,16,132,231
ibm,max46_240,16,14257,27126
ibm,alu-v3_34,16,30,52
ibm,csla_mux_3,15,72,170
ibm,qe_qft_5,5,51,107
ibm,3_17_13,16,22,36
ibm,decod24-v3_45,16,84,150
ibm,4gt4-v0_80,16,101,179
ibm,mod8-10_178,16,193,342
ibm,hwb7_59,16,13437,24379
ibm,hwb4_49,16,134,233
ibm,root_255,16,8835,17159
ibm,4mod5-bdd_287,16,41,70
ibm,mod_red_21,11,176,278
ibm,urf5_158,16,89145,164416
ibm,4gt11_84,16,11,18
ibm,decod24-v0_38,16,30,51
ibm,heisenberg_step_40_4,4,1124,2042
ibm,vbe_adder_3,10,90,150
ibm,heisenberg_step_5_4,4,144,257
ibm,ising_model_10,16,70,480
ibm,4mod5-v0_19,16,21,35
ibm,qaoa_n20_p4,20,118,1100
ibm,qaoa_n30_p4,30,115,1650
ibm,4gt4-v1_74,16,154,273
ibm,heisenberg_step_15_4,4,424,767
ibm,4mod5-v1_22,16,12,21
ibm,4gt12-v0_87,16,131,247
ibm,alu-v1_29,16,22,37
ibm,heisenberg_step_50_4,4,1404,2552
ibm,4gt12-v0_86,16,135,251
ibm,alu-v1_28,16,22,37
ibm,4mod5-v1_23,16,41,69
ibm,hwb9_119,16,116199,207775
ibm,sf_274,16,436,781
ibm,life_238,16,12511,22445
ibm,TFIM_step_100_8,8,56,336
ibm,4mod5-v0_18,16,40,69
ibm,majority_239,16,344,612
ibm,gf2^6_mult,18,184,495
ibm,hwb5_53,16,758,1336
ibm,XY_step_100_4,4,20,48
ibm,ham7_104,16,185,320
ibm,urf2_152,16,44100,80480
ibm,rd53_135,16,159,296
ibm,heisenberg_step_50_8,8,1424,5954
ibm,TFIM_step_50_4,4,28,72
ibm,TFIM_step_100_32,32,224,5952
ibm,rd32_270,16,47,84
ibm,cm152a_212,16,684,1221
ibm,4gt10-v1_81,16,84,148
ibm,qft_10,16,63,200
ibm,rd32-v0_66,16,20,34
ibm,TFIM_step_100_4,4,28,72
ibm,tof_3,5,33,45
ibm,qaoa_n4_p4,4,100,220
ibm,rd53_251,16,712,1291
ibm,qaoa_nativegates_ibm_tket_8,8,101,540
ibm,qe_qft_4,5,36,71
ibm,qpeexact_nativegates_ibm_tket_8,8,358,1023
ibm,alu-v3_35,16,22,37
ibm,squar5_261,16,1049,1993
ibm,4gt4-v0_78,16,137,235
ibm,vqe_4,4,114,161
ibm,XY_step_100_8,8,40,224
ibm,urf2_277,16,11390,20112
ibm,urf3_155,16,229365,423488
ibm,4gt13-v1_93,16,39,68
ibm,4gt4-v0_73,16,227,395
ibm,one-two-three-v0_97,16,163,290
ibm,rd73_252,16,2867,5321
ibm,rd84_142,16,110,343
ibm,sym9_193,16,19235,34881
ibm,4mod7-v1_96,16,94,164
ibm,ising_model_16,16,71,786
ibm,urf4_187,16,264330,512064
ibm,heisenberg_step_25_4,4,704,1277
ibm,4mod5-v1_24,16,21,36
ibm,f2_232,16,668,1206
ibm,mod5d1_63,16,13,22
ibm,sym9_146,16,127,328
ibm,dist_223,16,19694,38046
ibm,alu-v4_36,16,66,115
ibm,sym10_262,16,35572,64283
ibm,TFIM_step_70_4,4,28,72
ibm,tof_4,7,54,75
ibm,vqe_nativegates_ibm_tket_8,8,125,367
ibm,plus63mod4096_163,16,72246,128744
ibm,alu-bdd_288,16,48,84
ibm,ground_state_estimation_10,16,245614,390180
ibm,graycode6_47,16,5,5
ibm,alu-v2_33,16,22,37
ibm,qaoa_n6_p4,6,115,330
ibm,alu-v2_32,16,92,163
ibm,qaoa_n14_p4,14,109,770
ibm,ham15-med,17,987,1515
ibm,4gt11_83,16,16,23
ibm,qftentangled_nativegates_ibm_tket_8,8,331,1185
ibm,TFIM_step_60_4,4,28,72
ibm,muliply_5,5,32,49
ibm,hwb8_113,16,38717,69380
ibm,qft_16,16,105,512
ibm,plus63mod8192_164,16,105142,187112
ibm,hwb6,7,207,339
ibm,qcla_adder_10,36,84,521
ibm,decod24-v2_43,16,30,52
ibm,tof_5,9,75,105
ibm,cnt3-5_180,16,209,485
ibm,clip_206,16,17879,33827
ibm,sqrt8_260,16,1659,3009
ibm,vqe_uccsd_n6,6,1486,2282
ibm,4gt13_92,16,38,66
ibm,cnt3-5_179,16,61,175
ibm,alu-v4_37,16,22,37
ibm,gf2^7_mult,21,220,669
ibm,urf1_278,16,30955,54766
ibm,gf2^10_mult,30,326,1347
ibm,shor_15_7,12,26831,36598
ibm,ex2_227,16,355,631
ibm,rd73_140,16,92,230
ibm,mod5d2_64,16,32,53
ibm,heisenberg_step_35_4,4,984,1787
ibm,urf6_160,16,93645,171840
ibm,wim_266,16,514,986
ibm,co14_215,16,8570,17936
ibm,sym6_145,16,2187,3888
ibm,ham15-low,17,351,561
ibm,ae_nativegates_ibm_tket_8,8,347,942
ibm,qgan_nativegates_ibm_tket_8,8,106,472
ibm,qft_20,20,149,970
ibm,rd53_133,16,327,580
ibm,4gt4-v0_72,16,137,258
nam_t_tdg,xor5_254,16,5,7
nam_t_tdg,4_49_16,16,125,217
nam_t_tdg,sys6-v0_111,16,75,215
nam_t_tdg,adder_8,24,259,900
nam_t_tdg,urf5_280,16,27822,49829
nam_t_tdg,square_root_7,16,3847,7630
nam_t_tdg,cycle10_2_110,16,3386,6050
nam_t_tdg,rd84_253,16,7261,13658
nam_t_tdg,ham15_107,16,4819,8763
nam_t_tdg,inc_237,16,5863,10619
nam_t_tdg,heisenberg_step_30_4,4,3368,6672
nam_t_tdg,rd53_130,16,569,1043
nam_t_tdg,alu-v2_31,16,255,451
nam_t_tdg,4gt5_77,16,74,131
nam_t_tdg,qaoa_5,5,777,1022
nam_t_tdg,sym9_148,16,12087,21504
nam_t_tdg,adder_4,4,410,614
nam_t_tdg,barenco_tof_5,9,129,170
nam_t_tdg,radd_250,16,1781,3213
nam_t_tdg,mod10_176,16,101,178
nam_t_tdg,C17_204,16,253,467
nam_t_tdg,0410184_169,16,104,211
nam_t_tdg,con1_216,16,508,954
nam_t_tdg,rd53_311,16,124,275
nam_t_tdg,TFIM_step_30_4,4,216,536
nam_t_tdg,4gt13_91,16,61,103
nam_t_tdg,one-two-three-v0_98,16,82,146
nam_t_tdg,4gt13_90,16,65,107
nam_t_tdg,gf2^4_mult,12,112,225
nam_t_tdg,vqe_uccsd_n4,4,1370,2056
nam_t_tdg,dc2_222,16,5242,9462
nam_t_tdg,mod_mult_55,9,55,119
nam_t_tdg,qaoa_n10_p4,10,973,4930
nam_t_tdg,ex3_229,16,226,403
nam_t_tdg,ham3_102,16,13,20
nam_t_tdg,adr4_197,16,1839,3439
nam_t_tdg,barenco_tof_4,7,87,114
nam_t_tdg,one-two-three-v1_99,16,76,132
nam_t_tdg,mini-alu_167,16,162,288
nam_t_tdg,alu-v2_30,16,285,504
nam_t_tdg,4gt5_76,16,56,91
nam_t_tdg,TFIM_step_20_4,4,216,536
nam_t_tdg,rd53_131,16,261,469
nam_t_tdg,TFIM_step_100_16,16,1946,22627
nam_t_tdg,csum_mux_9,30,64,420
nam_t_tdg,gf2^9_mult,27,290,1095
nam_t_tdg,vqe_uccsd_n8,8,43746,76280
nam_t_tdg,urf1_149,16,99585,184864
nam_t_tdg,hlf_5,5,101,170
nam_t_tdg,mini_alu_305,16,69,173
nam_t_tdg,4mod7-v0_94,16,92,162
nam_t_tdg,z4_268,16,1644,3073
nam_t_tdg,heisenberg_step_20_4,4,2248,4452
nam_t_tdg,cm82a_208,16,337,650
nam_t_tdg,adder_9,9,167,298
nam_t_tdg,rc_adder_6,14,111,200
nam_t_tdg,sao2_257,16,19563,38577
nam_t_tdg,barenco_tof_3,5,45,58
nam_t_tdg,aj-e11_165,16,86,151
nam_t_tdg,grover_pigeon3,6,6165,9162
nam_t_tdg,qiskit-3_17_13,16,22,36
nam_t_tdg,qpeinexact_nativegates_ibm_tket_8,8,1538,4171
nam_t_tdg,misex1_241,16,2676,4813
nam_t_tdg,alu-v0_26,16,49,84
nam_t_tdg,portfolioqaoa_nativegates_ibm_tket_8,8,2108,9534
nam_t_tdg,sym6_316,16,135,270
nam_t_tdg,decod24-bdd_294,16,40,73
nam_t_tdg,miller_11,16,29,50
nam_t_tdg,barenco_tof_10,19,339,450
nam_t_tdg,qaoa_n8_p4,8,973,3944
nam_t_tdg,sqn_258,16,5458,10223
nam_t_tdg,rd32-v1_68,16,21,36
nam_t_tdg,qft_nativegates_ibm_tket_8,8,1107,3517
nam_t_tdg,dc1_220,16,1038,1914
nam_t_tdg,hwb6_56,16,3736,6723
nam_t_tdg,portfoliovqe_nativegates_ibm_tket_8,8,605,3145
nam_t_tdg,TFIM_step_90_4,4,312,830
nam_t_tdg,decod24-enable_126,16,190,338
nam_t_tdg,one-two-three-v2_100,16,40,69
nam_t_tdg,mod5adder_127,16,302,555
nam_t_tdg,qcla_com_7,24,94,443
nam_t_tdg,qiskit-alu-v0_26,16,49,84
nam_t_tdg,qaoa_10,10,279,795
nam_t_tdg,urf3_279,16,70702,125362
nam_t_tdg,one-two-three-v3_101,16,40,70
nam_t_tdg,mod5_4,5,52,63
nam_t_tdg,4mod5-v0_20,16,12,20
nam_t_tdg,heisenberg_step_45_4,4,5048,10002
nam_t_tdg,hlf_10,10,88,251
nam_t_tdg,gf2^5_mult,15,146,347
nam_t_tdg,mod8-10_177,16,251,440
nam_t_tdg,ising_model_13,16,1298,11527
nam_t_tdg,sf_276,16,435,778
nam_t_tdg,mlp4_245,16,10328,18852
nam_t_tdg,qcla_mod_7,26,229,884
nam_t_tdg,heisenberg_step_10_4,4,1128,2232
nam_t_tdg,TFIM_step_80_4,4,298,796
nam_t_tdg,cm85a_209,16,6374,11414
nam_t_tdg,tof_10,19,180,255
nam_t_tdg,cm42a_207,16,940,1776
nam_t_tdg,4gt12-v1_89,16,130,228
nam_t_tdg,alu-v0_27,16,21,36
nam_t_tdg,multiply_10,10,230,441
nam_t_tdg,pm1_249,16,940,1776
nam_t_tdg,qft_10_quest,10,1155,1831
nam_t_tdg,gf2^8_mult,24,262,883
nam_t_tdg,mod5mils_65,16,21,35
nam_t_tdg,9symml_195,16,19235,34881
nam_t_tdg,mod10_171,16,139,244
nam_t_tdg,TFIM_step_10_4,4,216,536
nam_t_tdg,ex1_226,16,5,7
nam_t_tdg,ex-1_166,16,12,19
nam_t_tdg,decod24-v1_41,16,50,85
nam_t_tdg,4gt12-v0_88,16,108,194
nam_t_tdg,qft_5,5,567,1183
nam_t_tdg,ham15-high,20,5163,7566
nam_t_tdg,rd53_138,16,56,132
nam_t_tdg,TFIM_step_40_4,4,216,528
nam_t_tdg,4gt4-v0_79,16,132,231
nam_t_tdg,max46_240,16,14257,27126
nam_t_tdg,alu-v3_34,16,30,52
nam_t_tdg,csla_mux_3,15,72,170
nam_t_tdg,qe_qft_5,5,812,1869
nam_t_tdg,3_17_13,16,22,36
nam_t_tdg,decod24-v3_45,16,84,150
nam_t_tdg,4gt4-v0_80,16,101,179
nam_t_tdg,mod8-10_178,16,193,342
nam_t_tdg,hwb7_59,16,13437,24379
nam_t_tdg,hwb4_49,16,134,233
nam_t_tdg,root_255,16,8835,17159
nam_t_tdg,4mod5-bdd_287,16,41,70
nam_t_tdg,mod_red_21,11,176,278
nam_t_tdg,urf5_158,16,89145,164416
nam_t_tdg,4gt11_84,16,11,18
nam_t_tdg,decod24-v0_38,16,30,51
nam_t_tdg,heisenberg_step_40_4,4,4488,8892
nam_t_tdg,vbe_adder_3,10,90,150
nam_t_tdg,heisenberg_step_5_4,4,568,1122
nam_t_tdg,ising_model_10,16,1244,8299
nam_t_tdg,4mod5-v0_19,16,21,35
nam_t_tdg,qaoa_n20_p4,20,1165,9860
nam_t_tdg,qaoa_n30_p4,30,1133,14790
nam_t_tdg,4gt4-v1_74,16,154,273
nam_t_tdg,heisenberg_step_15_4,4,1688,3342
nam_t_tdg,4mod5-v1_22,16,12,21
nam_t_tdg,4gt12-v0_87,16,131,247
nam_t_tdg,alu-v1_29,16,22,37
nam_t_tdg,heisenberg_step_50_4,4,5608,11112
nam_t_tdg,4gt12-v0_86,16,135,251
nam_t_tdg,alu-v1_28,16,22,37
nam_t_tdg,4mod5-v1_23,16,41,69
nam_t_tdg,hwb9_119,16,116199,207775
nam_t_tdg,sf_274,16,436,781
nam_t_tdg,life_238,16,12511,22445
nam_t_tdg,TFIM_step_100_8,8,918,5155
nam_t_tdg,4mod5-v0_18,16,40,69
nam_t_tdg,majority_239,16,344,612
nam_t_tdg,gf2^6_mult,18,184,495
nam_t_tdg,hwb5_53,16,758,1336
nam_t_tdg,XY_step_100_4,4,208,504
nam_t_tdg,ham7_104,16,185,320
nam_t_tdg,urf2_152,16,44100,80480
nam_t_tdg,rd53_135,16,159,296
nam_t_tdg,heisenberg_step_50_8,8,7214,25924
nam_t_tdg,TFIM_step_50_4,4,284,670
nam_t_tdg,TFIM_step_100_32,32,3986,97061
nam_t_tdg,rd32_270,16,47,84
nam_t_tdg,cm152a_212,16,684,1221
nam_t_tdg,4gt10-v1_81,16,84,148
nam_t_tdg,qft_10,16,878,1228
nam_t_tdg,rd32-v0_66,16,20,34
nam_t_tdg,TFIM_step_100_4,4,326,890
nam_t_tdg,tof_3,5,33,45
nam_t_tdg,qaoa_n4_p4,4,973,1972
nam_t_tdg,rd53_251,16,712,1291
nam_t_tdg,qaoa_nativegates_ibm_tket_8,8,511,2638
nam_t_tdg,qe_qft_4,5,533,1171
nam_t_tdg,qpeexact_nativegates_ibm_tket_8,8,1409,3898
nam_t_tdg,alu-v3_35,16,22,37
nam_t_tdg,squar5_261,16,1049,1993
nam_t_tdg,4gt4-v0_78,16,137,235
nam_t_tdg,vqe_4,4,1531,2581
nam_t_tdg,XY_step_100_8,8,416,2352
nam_t_tdg,urf2_277,16,11390,20112
nam_t_tdg,urf3_155,16,229365,423488
nam_t_tdg,4gt13-v1_93,16,39,68
nam_t_tdg,4gt4-v0_73,16,227,395
nam_t_tdg,one-two-three-v0_97,16,163,290
nam_t_tdg,rd73_252,16,2867,5321
nam_t_tdg,rd84_142,16,110,343
nam_t_tdg,sym9_193,16,19235,34881
nam_t_tdg,4mod7-v1_96,16,94,164
nam_t_tdg,ising_model_16,16,1360,14755
nam_t_tdg,urf4_187,16,264330,512064
nam_t_tdg,heisenberg_step_25_4,4,2808,5562
nam_t_tdg,4mod5-v1_24,16,21,36
nam_t_tdg,f2_232,16,668,1206
nam_t_tdg,mod5d1_63,16,13,22
nam_t_tdg,sym9_146,16,127,328
nam_t_tdg,dist_223,16,19694,38046
nam_t_tdg,alu-v4_36,16,66,115
nam_t_tdg,sym10_262,16,35572,64283
nam_t_tdg,TFIM_step_70_4,4,306,822
nam_t_tdg,tof_4,7,54,75
nam_t_tdg,vqe_nativegates_ibm_tket_8,8,329,988
nam_t_tdg,plus63mod4096_163,16,72246,128744
nam_t_tdg,alu-bdd_288,16,48,84
nam_t_tdg,ground_state_estimation_10,16,459437,735845
nam_t_tdg,graycode6_47,16,5,5
nam_t_tdg,alu-v2_33,16,22,37
nam_t_tdg,qaoa_n6_p4,6,1133,2958
nam_t_tdg,alu-v2_32,16,92,163
nam_t_tdg,qaoa_n14_p4,14,1069,6902
nam_t_tdg,ham15-med,17,1229,1912
nam_t_tdg,4gt11_83,16,16,23
nam_t_tdg,qftentangled_nativegates_ibm_tket_8,8,1167,3798
nam_t_tdg,TFIM_step_60_4,4,290,744
nam_t_tdg,muliply_5,5,470,742
nam_t_tdg,hwb8_113,16,38717,69380
nam_t_tdg,qft_16,16,1526,1998
nam_t_tdg,plus63mod8192_164,16,105142,187112
nam_t_tdg,hwb6,7,329,549
nam_t_tdg,qcla_adder_10,36,84,521
nam_t_tdg,decod24-v2_43,16,30,52
nam_t_tdg,tof_5,9,75,105
nam_t_tdg,cnt3-5_180,16,209,485
nam_t_tdg,clip_206,16,17879,33827
nam_t_tdg,sqrt8_260,16,1659,3009
nam_t_tdg,vqe_uccsd_n6,6,10016,17090
nam_t_tdg,4gt13_92,16,38,66
nam_t_tdg,cnt3-5_179,16,61,175
nam_t_tdg,alu-v4_37,16,22,37
nam_t_tdg,gf2^7_mult,21,220,669
nam_t_tdg,urf1_278,16,30955,54766
nam_t_tdg,gf2^10_mult,30,326,1347
nam_t_tdg,shor_15_7,12,26831,36598
nam_t_tdg,ex2_227,16,355,631
nam_t_tdg,rd73_140,16,92,230
nam_t_tdg,mod5d2_64,16,32,53
nam_t_tdg,heisenberg_step_35_4,4,3928,7782
nam_t_tdg,urf6_160,16,93645,171840
nam_t_tdg,wim_266,16,514,986
nam_t_tdg,co14_215,16,8570,17936
nam_t_tdg,sym6_145,16,2187,3888
nam_t_tdg,ham15-low,17,437,721
nam_t_tdg,ae_nativegates_ibm_tket_8,8,1532,3699
nam_t_tdg,qgan_nativegates_ibm_tket_8,8,253,1172
nam_t_tdg,qft_20,20,2412,3955
nam_t_tdg,rd53_133,16,327,580
nam_t_tdg,4gt4-v0_72,16,137,258
ibmnew,xor5_254,16,7,15
ibmnew,4_49_16,16,155,273
ibmnew,sys6-v0_111,16,94,267
ibmnew,adder_8,24,289,1060
ibmnew,urf5_280,16,33706,62569
ibmnew,square_root_7,16,4907,10480
ibmnew,cycle10_2_110,16,4119,7562
ibmnew,rd84_253,16,8805,17218
ibmnew,ham15_107,16,5832,10943
ibmnew,inc_237,16,7155,13367
ibmnew,heisenberg_step_30_4,4,1804,3692
ibmnew,rd53_130,16,707,1375
ibmnew,alu-v2_31,16,323,567
ibmnew,4gt5_77,16,95,167
ibmnew,qaoa_5,5,124,177
ibmnew,sym9_148,16,14769,26880
ibmnew,adder_4,4,97,159
ibmnew,barenco_tof_5,9,153,198
ibmnew,radd_250,16,2157,4045
ibmnew,mod10_176,16,123,226
ibmnew,C17_204,16,307,587
ibmnew,0410184_169,16,128,287
ibmnew,con1_216,16,616,1222
ibmnew,rd53_311,16,162,367
ibmnew,TFIM_step_30_4,4,76,192
ibmnew,4gt13_91,16,73,127
ibmnew,one-two-three-v0_98,16,97,182
ibmnew,4gt13_90,16,75,131
ibmnew,gf2^4_mult,12,118,253
ibmnew,vqe_uccsd_n4,4,296,556
ibmnew,dc2_222,16,6390,11906
ibmnew,mod_mult_55,9,62,147
ibmnew,qaoa_n10_p4,10,118,730
ibmnew,ex3_229,16,280,515
ibmnew,ham3_102,16,15,24
ibmnew,adr4_197,16,2213,4355
ibmnew,barenco_tof_4,7,103,134
ibmnew,one-two-three-v1_99,16,103,168
ibmnew,mini-alu_167,16,196,360
ibmnew,alu-v2_30,16,359,636
ibmnew,4gt5_76,16,66,111
ibmnew,TFIM_step_20_4,4,76,192
ibmnew,rd53_131,16,333,649
ibmnew,TFIM_step_100_16,16,304,3840
ibmnew,csum_mux_9,30,70,476
ibmnew,gf2^9_mult,27,292,1163
ibmnew,vqe_uccsd_n8,8,11769,24920
ibmnew,urf1_149,16,112423,231080
ibmnew,hlf_5,5,38,59
ibmnew,mini_alu_305,16,95,237
ibmnew,4mod7-v0_94,16,114,202
ibmnew,z4_268,16,1998,3881
ibmnew,heisenberg_step_20_4,4,1204,2462
ibmnew,cm82a_208,16,419,838
ibmnew,adder_9,9,125,194
ibmnew,rc_adder_6,14,134,244
ibmnew,sao2_257,16,23725,48341
ibmnew,barenco_tof_3,5,53,70
ibmnew,aj-e11_165,16,108,191
ibmnew,grover_pigeon3,6,11727,17438
ibmnew,qiskit-3_17_13,16,31,48
ibmnew,qpeinexact_nativegates_ibm_tket_8,8,591,1791
ibmnew,misex1_241,16,3258,6065
ibmnew,alu-v0_26,16,64,108
ibmnew,portfolioqaoa_nativegates_ibm_tket_8,8,856,4464
ibmnew,sym6_316,16,183,346
ibmnew,decod24-bdd_294,16,52,109
ibmnew,miller_11,16,37,62
ibmnew,barenco_tof_10,19,403,518
ibmnew,qaoa_n8_p4,8,118,584
ibmnew,sqn_258,16,6586,12895
ibmnew,rd32-v1_68,16,36,52
ibmnew,qft_nativegates_ibm_tket_8,8,477,1814
ibmnew,dc1_220,16,1276,2430
ibmnew,hwb6_56,16,4543,8399
ibmnew,portfoliovqe_nativegates_ibm_tket_8,8,371,1912
ibmnew,TFIM_step_90_4,4,76,192
ibmnew,decod24-enable_126,16,240,422
ibmnew,one-two-three-v2_100,16,54,89
ibmnew,mod5adder_127,16,382,731
ibmnew,qcla_com_7,24,100,521
ibmnew,qiskit-alu-v0_26,16,64,108
ibmnew,qaoa_10,10,88,205
ibmnew,urf3_279,16,86066,157674
ibmnew,one-two-three-v3_101,16,56,94
ibmnew,mod5_4,5,58,75
ibmnew,4mod5-v0_20,16,18,28
ibmnew,heisenberg_step_45_4,4,2704,5537
ibmnew,hlf_10,10,46,119
ibmnew,gf2^5_mult,15,148,383
ibmnew,mod8-10_177,16,303,552
ibmnew,ising_model_13,16,93,919
ibmnew,sf_276,16,535,1010
ibmnew,mlp4_245,16,12582,23700
ibmnew,qcla_mod_7,26,251,1048
ibmnew,heisenberg_step_10_4,4,604,1232
ibmnew,TFIM_step_80_4,4,76,192
ibmnew,cm85a_209,16,7788,14342
ibmnew,tof_10,19,214,323
ibmnew,cm42a_207,16,1147,2276
ibmnew,4gt12-v1_89,16,166,292
ibmnew,alu-v0_27,16,33,48
ibmnew,multiply_10,10,161,310
ibmnew,pm1_249,16,1147,2276
ibmnew,qft_10_quest,10,198,381
ibmnew,gf2^8_mult,24,268,943
ibmnew,mod5mils_65,16,31,47
ibmnew,9symml_195,16,23493,43845
ibmnew,mod10_171,16,174,308
ibmnew,TFIM_step_10_4,4,76,192
ibmnew,ex1_226,16,7,15
ibmnew,ex-1_166,16,20,27
ibmnew,decod24-v1_41,16,68,113
ibmnew,4gt12-v0_88,16,130,242
ibmnew,qft_5,5,102,208
ibmnew,ham15-high,20,4583,6778
ibmnew,rd53_138,16,70,164
ibmnew,TFIM_step_40_4,4,76,192
ibmnew,4gt4-v0_79,16,158,287
ibmnew,max46_240,16,17263,34110
ibmnew,alu-v3_34,16,44,68
ibmnew,csla_mux_3,15,83,210
ibmnew,qe_qft_5,5,151,383
ibmnew,3_17_13,16,31,48
ibmnew,decod24-v3_45,16,111,206
ibmnew,4gt4-v0_80,16,126,227
ibmnew,mod8-10_178,16,241,430
ibmnew,hwb7_59,16,16304,30467
ibmnew,hwb4_49,16,163,289
ibmnew,root_255,16,10725,21583
ibmnew,4mod5-bdd_287,16,55,98
ibmnew,mod_red_21,11,206,338
ibmnew,urf5_158,16,101525,205520
ibmnew,4gt11_84,16,15,22
ibmnew,decod24-v0_38,16,40,67
ibmnew,heisenberg_step_40_4,4,2404,4922
ibmnew,vbe_adder_3,10,100,170
ibmnew,heisenberg_step_5_4,4,304,617
ibmnew,ising_model_10,16,92,700
ibmnew,4mod5-v0_19,16,33,47
ibmnew,qaoa_n20_p4,20,136,1460
ibmnew,qaoa_n30_p4,30,133,2190
ibmnew,4gt4-v1_74,16,188,345
ibmnew,heisenberg_step_15_4,4,904,1847
ibmnew,4mod5-v1_22,16,19,29
ibmnew,4gt12-v0_87,16,159,307
ibmnew,alu-v1_29,16,36,53
ibmnew,heisenberg_step_50_4,4,3004,6152
ibmnew,4gt12-v0_86,16,161,311
ibmnew,alu-v1_28,16,33,49
ibmnew,4mod5-v1_23,16,61,89
ibmnew,hwb9_119,16,141827,259695
ibmnew,sf_274,16,544,1025
ibmnew,life_238,16,15293,28225
ibmnew,TFIM_step_100_8,8,152,896
ibmnew,4mod5-v0_18,16,55,93
ibmnew,majority_239,16,426,776
ibmnew,gf2^6_mult,18,190,539
ibmnew,hwb5_53,16,914,1664
ibmnew,XY_step_100_4,4,68,168
ibmnew,ham7_104,16,218,396
ibmnew,urf2_152,16,49980,100600
ibmnew,rd53_135,16,191,368
ibmnew,heisenberg_step_50_8,8,3252,14354
ibmnew,TFIM_step_50_4,4,76,192
ibmnew,TFIM_step_100_32,32,608,15872
ibmnew,rd32_270,16,59,116
ibmnew,cm152a_212,16,836,1545
ibmnew,4gt10-v1_81,16,104,188
ibmnew,qft_10,16,69,240
ibmnew,rd32-v0_66,16,26,42
ibmnew,TFIM_step_100_4,4,76,192
ibmnew,tof_3,5,39,57
ibmnew,qaoa_n4_p4,4,118,292
ibmnew,rd53_251,16,862,1639
ibmnew,qaoa_nativegates_ibm_tket_8,8,168,952
ibmnew,qe_qft_4,5,104,247
ibmnew,qpeexact_nativegates_ibm_tket_8,8,558,1747
ibmnew,alu-v3_35,16,34,49
ibmnew,squar5_261,16,1272,2521
ibmnew,4gt4-v0_78,16,161,291
ibmnew,vqe_4,4,278,509
ibmnew,XY_step_100_8,8,136,784
ibmnew,urf2_277,16,13849,25064
ibmnew,urf3_155,16,259445,529360
ibmnew,4gt13-v1_93,16,53,92
ibmnew,4gt4-v0_73,16,271,491
ibmnew,one-two-three-v0_97,16,198,362
ibmnew,rd73_252,16,3459,6737
ibmnew,rd84_142,16,136,427
ibmnew,sym9_193,16,23493,43845
ibmnew,4mod7-v1_96,16,124,212
ibmnew,ising_model_16,16,93,1138
ibmnew,urf4_187,16,308162,640080
ibmnew,heisenberg_step_25_4,4,1504,3077
ibmnew,4mod5-v1_24,16,31,52
ibmnew,f2_232,16,824,1530
ibmnew,mod5d1_63,16,16,26
ibmnew,sym9_146,16,157,408
ibmnew,dist_223,16,23914,47766
ibmnew,alu-v4_36,16,84,147
ibmnew,sym10_262,16,43480,80695
ibmnew,TFIM_step_70_4,4,76,192
ibmnew,tof_4,7,64,95
ibmnew,vqe_nativegates_ibm_tket_8,8,181,535
ibmnew,plus63mod4096_163,16,88288,160932
ibmnew,alu-bdd_288,16,68,108
ibmnew,ground_state_estimation_10,16,323746,637872
ibmnew,graycode6_47,16,5,5
ibmnew,alu-v2_33,16,36,53
ibmnew,qaoa_n6_p4,6,133,438
ibmnew,alu-v2_32,16,113,207
ibmnew,qaoa_n14_p4,14,127,1022
ibmnew,ham15-med,17,1104,1711
ibmnew,4gt11_83,16,18,27
ibmnew,qftentangled_nativegates_ibm_tket_8,8,519,2019
ibmnew,TFIM_step_60_4,4,76,192
ibmnew,muliply_5,5,88,165
ibmnew,hwb8_113,16,47185,86724
ibmnew,qft_16,16,111,576
ibmnew,plus63mod8192_164,16,128473,233892
ibmnew,hwb6,7,242,415
ibmnew,qcla_adder_10,36,92,621
ibmnew,decod24-v2_43,16,42,76
ibmnew,tof_5,9,89,133
ibmnew,cnt3-5_180,16,253,605
ibmnew,clip_206,16,21743,42527
ibmnew,sqrt8_260,16,2019,3805
ibmnew,vqe_uccsd_n6,6,2673,5522
ibmnew,4gt13_92,16,48,82
ibmnew,cnt3-5_179,16,74,215
ibmnew,alu-v4_37,16,34,49
ibmnew,gf2^7_mult,21,226,721
ibmnew,urf1_278,16,37675,68630
ibmnew,gf2^10_mult,30,328,1423
ibmnew,shor_15_7,12,32115,46738
ibmnew,ex2_227,16,443,807
ibmnew,rd73_140,16,114,286
ibmnew,mod5d2_64,16,42,69
ibmnew,heisenberg_step_35_4,4,2104,4307
ibmnew,urf6_160,16,105875,214800
ibmnew,wim_266,16,626,1270
ibmnew,co14_215,16,10426,22480
ibmnew,sym6_145,16,2675,4860
ibmnew,ham15-low,17,393,637
ibmnew,ae_nativegates_ibm_tket_8,8,557,1626
ibmnew,qgan_nativegates_ibm_tket_8,8,152,700
ibmnew,qft_20,20,449,3290
ibmnew,rd53_133,16,406,724
ibmnew,4gt4-v0_72,16,174,326
benchmarksCCX,adder_8,24,78,330
benchmarksCCX,barenco_tof_5,9,38,50
benchmarksCCX,gf2^4_mult,12,31,65
benchmarksCCX,mod_mult_55,9,20,49
benchmarksCCX,barenco_tof_4,7,26,34
benchmarksCCX,csum_mux_9,30,22,140
benchmarksCCX,gf2^9_mult,27,68,285
benchmarksCCX,rc_adder_6,14,40,90
benchmarksCCX,barenco_tof_3,5,14,20
benchmarksCCX,barenco_tof_10,19,98,130
benchmarksCCX,qcla_com_7,24,23,153
benchmarksCCX,mod5_4,5,23,23
benchmarksCCX,gf2^5_mult,15,38,97
benchmarksCCX,qcla_mod_7,26,58,294
benchmarksCCX,tof_10,19,53,85
benchmarksCCX,gf2^8_mult,24,69,243
benchmarksCCX,csla_mux_3,15,24,70
benchmarksCCX,mod_red_21,11,58,108
benchmarksCCX,vbe_adder_3,10,28,50
benchmarksCCX,gf2^6_mult,18,47,135
benchmarksCCX,tof_3,5,11,15
benchmarksCCX,tof_4,7,17,25
benchmarksCCX,qcla_adder_10,36,23,181
benchmarksCCX,tof_5,9,23,35
benchmarksCCX,gf2^7_mult,21,55,179
benchmarksCCX,gf2^10_mult,30,77,347
